title,label
0_0.png,0
1_6.png,6
2_1.png,1
3_1.png,1
4_0.png,0
5_5.png,5
6_5.png,5
7_0.png,0
8_4.png,4
9_5.png,5
10_2.png,2
11_4.png,4
12_0.png,0
13_6.png,6
14_5.png,5
15_4.png,4
16_5.png,5
17_2.png,2
18_4.png,4
19_5.png,5
20_0.png,0
21_6.png,6
22_4.png,4
23_6.png,6
24_2.png,2
25_2.png,2
26_3.png,3
27_2.png,2
28_5.png,5
29_2.png,2
30_7.png,7
31_5.png,5
32_2.png,2
33_7.png,7
34_7.png,7
35_2.png,2
36_2.png,2
37_8.png,8
38_4.png,4
39_5.png,5
40_0.png,0
41_2.png,2
42_3.png,3
43_4.png,4
44_5.png,5
45_7.png,7
46_7.png,7
47_0.png,0
48_5.png,5
49_1.png,1
50_2.png,2
51_5.png,5
52_6.png,6
53_7.png,7
54_5.png,5
55_7.png,7
56_5.png,5
57_7.png,7
58_2.png,2
59_5.png,5
60_1.png,1
61_2.png,2
62_7.png,7
63_1.png,1
64_1.png,1
65_1.png,1
66_4.png,4
67_7.png,7
68_7.png,7
69_7.png,7
70_2.png,2
71_5.png,5
72_6.png,6
73_2.png,2
74_3.png,3
75_3.png,3
76_7.png,7
77_4.png,4
78_7.png,7
79_3.png,3
80_1.png,1
81_7.png,7
82_7.png,7
83_5.png,5
84_3.png,3
85_0.png,0
86_2.png,2
87_7.png,7
88_3.png,3
89_7.png,7
90_2.png,2
91_1.png,1
92_1.png,1
93_4.png,4
94_5.png,5
95_2.png,2
96_7.png,7
97_6.png,6
98_7.png,7
99_7.png,7
100_7.png,7
101_5.png,5
102_6.png,6
103_5.png,5
104_5.png,5
105_5.png,5
106_5.png,5
107_1.png,1
108_7.png,7
109_6.png,6
110_7.png,7
111_5.png,5
112_5.png,5
113_5.png,5
114_2.png,2
115_7.png,7
116_7.png,7
117_7.png,7
118_4.png,4
119_4.png,4
120_3.png,3
121_7.png,7
122_5.png,5
123_2.png,2
124_4.png,4
125_3.png,3
126_2.png,2
127_7.png,7
128_6.png,6
129_5.png,5
130_4.png,4
131_6.png,6
132_1.png,1
133_4.png,4
134_2.png,2
135_1.png,1
136_2.png,2
137_7.png,7
138_7.png,7
139_2.png,2
140_6.png,6
141_2.png,2
142_2.png,2
143_2.png,2
144_5.png,5
145_2.png,2
146_3.png,3
147_7.png,7
148_2.png,2
149_5.png,5
150_4.png,4
151_7.png,7
152_1.png,1
153_2.png,2
154_7.png,7
155_0.png,0
156_1.png,1
157_1.png,1
158_7.png,7
159_7.png,7
160_6.png,6
161_1.png,1
162_6.png,6
163_8.png,8
164_7.png,7
165_1.png,1
166_5.png,5
167_5.png,5
168_2.png,2
169_2.png,2
170_2.png,2
171_5.png,5
172_7.png,7
173_4.png,4
174_3.png,3
175_3.png,3
176_3.png,3
177_6.png,6
178_1.png,1
179_7.png,7
180_1.png,1
181_6.png,6
182_2.png,2
183_1.png,1
184_7.png,7
185_6.png,6
186_1.png,1
187_7.png,7
188_2.png,2
189_5.png,5
190_6.png,6
191_8.png,8
192_5.png,5
193_4.png,4
194_6.png,6
195_1.png,1
196_1.png,1
197_5.png,5
198_0.png,0
199_6.png,6
200_3.png,3
201_3.png,3
202_0.png,0
203_7.png,7
204_2.png,2
205_5.png,5
206_5.png,5
207_5.png,5
208_2.png,2
209_1.png,1
210_3.png,3
211_2.png,2
212_7.png,7
213_6.png,6
214_1.png,1
215_6.png,6
216_3.png,3
217_6.png,6
218_6.png,6
219_2.png,2
220_7.png,7
221_1.png,1
222_2.png,2
223_7.png,7
224_5.png,5
225_3.png,3
226_3.png,3
227_3.png,3
228_1.png,1
229_2.png,2
230_1.png,1
231_1.png,1
232_6.png,6
233_7.png,7
234_2.png,2
235_2.png,2
236_6.png,6
237_1.png,1
238_7.png,7
239_1.png,1
240_7.png,7
241_3.png,3
242_3.png,3
243_4.png,4
244_3.png,3
245_7.png,7
246_3.png,3
247_1.png,1
248_6.png,6
249_3.png,3
250_3.png,3
251_3.png,3
252_6.png,6
253_1.png,1
254_1.png,1
255_6.png,6
256_5.png,5
257_6.png,6
258_1.png,1
259_4.png,4
260_3.png,3
261_6.png,6
262_1.png,1
263_7.png,7
264_4.png,4
265_3.png,3
266_7.png,7
267_6.png,6
268_3.png,3
269_5.png,5
270_5.png,5
271_1.png,1
272_0.png,0
273_7.png,7
274_3.png,3
275_2.png,2
276_7.png,7
277_2.png,2
278_2.png,2
279_1.png,1
280_3.png,3
281_1.png,1
282_6.png,6
283_3.png,3
284_5.png,5
285_2.png,2
286_2.png,2
287_3.png,3
288_6.png,6
289_7.png,7
290_2.png,2
291_7.png,7
292_4.png,4
293_6.png,6
294_1.png,1
295_2.png,2
296_5.png,5
297_6.png,6
298_6.png,6
299_5.png,5
300_5.png,5
301_7.png,7
302_0.png,0
303_2.png,2
304_5.png,5
305_5.png,5
306_2.png,2
307_1.png,1
308_7.png,7
309_3.png,3
310_1.png,1
311_5.png,5
312_5.png,5
313_1.png,1
314_4.png,4
315_2.png,2
316_2.png,2
317_1.png,1
318_2.png,2
319_3.png,3
320_1.png,1
321_2.png,2
322_3.png,3
323_7.png,7
324_4.png,4
325_2.png,2
326_5.png,5
327_7.png,7
328_6.png,6
329_3.png,3
330_4.png,4
331_7.png,7
332_6.png,6
333_1.png,1
334_1.png,1
335_1.png,1
336_1.png,1
337_1.png,1
338_7.png,7
339_6.png,6
340_6.png,6
341_7.png,7
342_1.png,1
343_6.png,6
344_1.png,1
345_5.png,5
346_3.png,3
347_1.png,1
348_2.png,2
349_3.png,3
350_2.png,2
351_0.png,0
352_7.png,7
353_1.png,1
354_7.png,7
355_7.png,7
356_8.png,8
357_7.png,7
358_7.png,7
359_2.png,2
360_7.png,7
361_1.png,1
362_7.png,7
363_2.png,2
364_1.png,1
365_2.png,2
366_1.png,1
367_2.png,2
368_1.png,1
369_2.png,2
370_1.png,1
371_3.png,3
372_3.png,3
373_5.png,5
374_3.png,3
375_8.png,8
376_5.png,5
377_3.png,3
378_2.png,2
379_4.png,4
380_5.png,5
381_5.png,5
382_4.png,4
383_1.png,1
384_2.png,2
385_5.png,5
386_1.png,1
387_6.png,6
388_3.png,3
389_5.png,5
390_5.png,5
391_7.png,7
392_1.png,1
393_4.png,4
394_5.png,5
395_0.png,0
396_2.png,2
397_6.png,6
398_6.png,6
399_2.png,2
400_7.png,7
401_2.png,2
402_6.png,6
403_3.png,3
404_3.png,3
405_5.png,5
406_8.png,8
407_3.png,3
408_1.png,1
409_3.png,3
410_3.png,3
411_3.png,3
412_3.png,3
413_1.png,1
414_7.png,7
415_7.png,7
416_5.png,5
417_3.png,3
418_1.png,1
419_7.png,7
420_5.png,5
421_5.png,5
422_7.png,7
423_5.png,5
424_2.png,2
425_7.png,7
426_2.png,2
427_6.png,6
428_6.png,6
429_6.png,6
430_6.png,6
431_2.png,2
432_5.png,5
433_2.png,2
434_7.png,7
435_5.png,5
436_8.png,8
437_8.png,8
438_4.png,4
439_4.png,4
440_5.png,5
441_5.png,5
442_3.png,3
443_7.png,7
444_2.png,2
445_4.png,4
446_1.png,1
447_3.png,3
448_6.png,6
449_2.png,2
450_4.png,4
451_3.png,3
452_5.png,5
453_6.png,6
454_5.png,5
455_0.png,0
456_1.png,1
457_2.png,2
458_1.png,1
459_2.png,2
460_7.png,7
461_7.png,7
462_6.png,6
463_5.png,5
464_2.png,2
465_5.png,5
466_6.png,6
467_2.png,2
468_1.png,1
469_2.png,2
470_8.png,8
471_5.png,5
472_3.png,3
473_7.png,7
474_3.png,3
475_1.png,1
476_1.png,1
477_3.png,3
478_3.png,3
479_4.png,4
480_5.png,5
481_3.png,3
482_6.png,6
483_1.png,1
484_2.png,2
485_2.png,2
486_1.png,1
487_5.png,5
488_1.png,1
489_5.png,5
490_3.png,3
491_7.png,7
492_6.png,6
493_5.png,5
494_7.png,7
495_2.png,2
496_4.png,4
497_7.png,7
498_1.png,1
499_6.png,6
500_6.png,6
501_7.png,7
502_2.png,2
503_5.png,5
504_1.png,1
505_5.png,5
506_5.png,5
507_3.png,3
508_5.png,5
509_7.png,7
510_7.png,7
511_6.png,6
512_2.png,2
513_2.png,2
514_3.png,3
515_5.png,5
516_6.png,6
517_2.png,2
518_3.png,3
519_7.png,7
520_1.png,1
521_3.png,3
522_5.png,5
523_8.png,8
524_3.png,3
525_2.png,2
526_6.png,6
527_7.png,7
528_1.png,1
529_3.png,3
530_5.png,5
531_4.png,4
532_2.png,2
533_2.png,2
534_1.png,1
535_1.png,1
536_2.png,2
537_1.png,1
538_6.png,6
539_3.png,3
540_3.png,3
541_1.png,1
542_6.png,6
543_7.png,7
544_2.png,2
545_4.png,4
546_3.png,3
547_5.png,5
548_5.png,5
549_7.png,7
550_4.png,4
551_2.png,2
552_2.png,2
553_7.png,7
554_3.png,3
555_6.png,6
556_2.png,2
557_7.png,7
558_6.png,6
559_2.png,2
560_7.png,7
561_1.png,1
562_1.png,1
563_4.png,4
564_6.png,6
565_6.png,6
566_6.png,6
567_5.png,5
568_5.png,5
569_6.png,6
570_3.png,3
571_3.png,3
572_6.png,6
573_7.png,7
574_6.png,6
575_4.png,4
576_5.png,5
577_6.png,6
578_1.png,1
579_2.png,2
580_8.png,8
581_5.png,5
582_5.png,5
583_2.png,2
584_5.png,5
585_6.png,6
586_6.png,6
587_5.png,5
588_5.png,5
589_5.png,5
590_6.png,6
591_5.png,5
592_4.png,4
593_4.png,4
594_2.png,2
595_5.png,5
596_2.png,2
597_8.png,8
598_0.png,0
599_0.png,0
600_5.png,5
601_5.png,5
602_6.png,6
603_3.png,3
604_5.png,5
605_5.png,5
606_0.png,0
607_5.png,5
608_5.png,5
609_7.png,7
610_2.png,2
611_2.png,2
612_4.png,4
613_2.png,2
614_6.png,6
615_2.png,2
616_2.png,2
617_4.png,4
618_0.png,0
619_2.png,2
620_0.png,0
621_1.png,1
622_2.png,2
623_2.png,2
624_0.png,0
625_1.png,1
626_2.png,2
627_0.png,0
628_0.png,0
629_2.png,2
630_2.png,2
631_2.png,2
632_6.png,6
633_0.png,0
634_6.png,6
635_3.png,3
636_0.png,0
637_0.png,0
638_1.png,1
639_2.png,2
640_5.png,5
641_7.png,7
642_6.png,6
643_4.png,4
644_6.png,6
645_0.png,0
646_2.png,2
647_0.png,0
648_1.png,1
649_2.png,2
650_4.png,4
651_7.png,7
652_2.png,2
653_3.png,3
654_4.png,4
655_0.png,0
656_2.png,2
657_6.png,6
658_7.png,7
659_1.png,1
660_3.png,3
661_7.png,7
662_2.png,2
663_7.png,7
664_6.png,6
665_7.png,7
666_8.png,8
667_5.png,5
668_3.png,3
669_8.png,8
670_5.png,5
671_1.png,1
672_2.png,2
673_7.png,7
674_5.png,5
675_8.png,8
676_2.png,2
677_2.png,2
678_5.png,5
679_3.png,3
680_3.png,3
681_1.png,1
682_3.png,3
683_1.png,1
684_4.png,4
685_3.png,3
686_4.png,4
687_4.png,4
688_0.png,0
689_5.png,5
690_4.png,4
691_2.png,2
692_8.png,8
693_4.png,4
694_8.png,8
695_6.png,6
696_8.png,8
697_2.png,2
698_5.png,5
699_6.png,6
700_5.png,5
701_1.png,1
702_3.png,3
703_4.png,4
704_2.png,2
705_7.png,7
706_2.png,2
707_4.png,4
708_0.png,0
709_2.png,2
710_5.png,5
711_2.png,2
712_6.png,6
713_8.png,8
714_1.png,1
715_7.png,7
716_2.png,2
717_7.png,7
718_4.png,4
719_3.png,3
720_3.png,3
721_0.png,0
722_7.png,7
723_2.png,2
724_5.png,5
725_6.png,6
726_1.png,1
727_7.png,7
728_0.png,0
729_2.png,2
730_3.png,3
731_5.png,5
732_0.png,0
733_7.png,7
734_6.png,6
735_3.png,3
736_3.png,3
737_8.png,8
738_4.png,4
739_0.png,0
740_1.png,1
741_5.png,5
742_4.png,4
743_3.png,3
744_6.png,6
745_6.png,6
746_3.png,3
747_3.png,3
748_7.png,7
749_5.png,5
750_1.png,1
751_6.png,6
752_0.png,0
753_5.png,5
754_4.png,4
755_5.png,5
756_4.png,4
757_2.png,2
758_5.png,5
759_1.png,1
760_5.png,5
761_5.png,5
762_8.png,8
763_1.png,1
764_7.png,7
765_0.png,0
766_6.png,6
767_2.png,2
768_2.png,2
769_6.png,6
770_3.png,3
771_1.png,1
772_6.png,6
773_6.png,6
774_7.png,7
775_2.png,2
776_6.png,6
777_3.png,3
778_2.png,2
779_5.png,5
780_5.png,5
781_2.png,2
782_7.png,7
783_2.png,2
784_8.png,8
785_0.png,0
786_7.png,7
787_7.png,7
788_1.png,1
789_7.png,7
790_4.png,4
791_0.png,0
792_2.png,2
793_2.png,2
794_6.png,6
795_1.png,1
796_5.png,5
797_7.png,7
798_6.png,6
799_2.png,2
800_7.png,7
801_6.png,6
802_1.png,1
803_1.png,1
804_8.png,8
805_4.png,4
806_5.png,5
807_3.png,3
808_1.png,1
809_2.png,2
810_4.png,4
811_8.png,8
812_8.png,8
813_1.png,1
814_7.png,7
815_2.png,2
816_7.png,7
817_2.png,2
818_3.png,3
819_2.png,2
820_6.png,6
821_7.png,7
822_4.png,4
823_0.png,0
824_1.png,1
825_0.png,0
826_4.png,4
827_5.png,5
828_0.png,0
829_7.png,7
830_6.png,6
831_1.png,1
832_8.png,8
833_5.png,5
834_2.png,2
835_5.png,5
836_4.png,4
837_4.png,4
838_0.png,0
839_6.png,6
840_1.png,1
841_2.png,2
842_5.png,5
843_1.png,1
844_6.png,6
845_1.png,1
846_5.png,5
847_8.png,8
848_0.png,0
849_3.png,3
850_4.png,4
851_0.png,0
852_4.png,4
853_2.png,2
854_4.png,4
855_3.png,3
856_0.png,0
857_6.png,6
858_4.png,4
859_5.png,5
860_6.png,6
861_6.png,6
862_7.png,7
863_8.png,8
864_4.png,4
865_8.png,8
866_8.png,8
867_3.png,3
868_2.png,2
869_8.png,8
870_0.png,0
871_2.png,2
872_5.png,5
873_6.png,6
874_8.png,8
875_7.png,7
876_8.png,8
877_0.png,0
878_6.png,6
879_6.png,6
880_8.png,8
881_1.png,1
882_1.png,1
883_7.png,7
884_4.png,4
885_4.png,4
886_2.png,2
887_3.png,3
888_6.png,6
889_6.png,6
890_2.png,2
891_4.png,4
892_1.png,1
893_8.png,8
894_2.png,2
895_3.png,3
896_1.png,1
897_8.png,8
898_6.png,6
899_8.png,8
900_5.png,5
901_1.png,1
902_0.png,0
903_2.png,2
904_2.png,2
905_0.png,0
906_8.png,8
907_0.png,0
908_6.png,6
909_6.png,6
910_8.png,8
911_1.png,1
912_6.png,6
913_5.png,5
914_2.png,2
915_1.png,1
916_6.png,6
917_7.png,7
918_5.png,5
919_6.png,6
920_3.png,3
921_0.png,0
922_8.png,8
923_5.png,5
924_3.png,3
925_6.png,6
926_4.png,4
927_4.png,4
928_8.png,8
929_8.png,8
930_1.png,1
931_7.png,7
932_0.png,0
933_6.png,6
934_4.png,4
935_8.png,8
936_2.png,2
937_2.png,2
938_2.png,2
939_2.png,2
940_7.png,7
941_4.png,4
942_1.png,1
943_1.png,1
944_4.png,4
945_3.png,3
946_3.png,3
947_8.png,8
948_3.png,3
949_2.png,2
950_0.png,0
951_8.png,8
952_0.png,0
953_5.png,5
954_1.png,1
955_5.png,5
956_8.png,8
957_2.png,2
958_1.png,1
959_2.png,2
960_2.png,2
961_4.png,4
962_4.png,4
963_0.png,0
964_6.png,6
965_4.png,4
966_2.png,2
967_8.png,8
968_4.png,4
969_7.png,7
970_6.png,6
971_2.png,2
972_4.png,4
973_7.png,7
974_7.png,7
975_6.png,6
976_4.png,4
977_2.png,2
978_2.png,2
979_3.png,3
980_2.png,2
981_6.png,6
982_5.png,5
983_5.png,5
984_2.png,2
985_4.png,4
986_8.png,8
987_8.png,8
988_6.png,6
989_4.png,4
990_5.png,5
991_7.png,7
992_6.png,6
993_3.png,3
994_4.png,4
995_8.png,8
996_2.png,2
997_0.png,0
998_4.png,4
999_2.png,2
1000_8.png,8
1001_1.png,1
1002_6.png,6
1003_0.png,0
1004_8.png,8
1005_4.png,4
1006_3.png,3
1007_1.png,1
1008_4.png,4
1009_5.png,5
1010_2.png,2
1011_4.png,4
1012_3.png,3
1013_6.png,6
1014_0.png,0
1015_7.png,7
1016_1.png,1
1017_3.png,3
1018_5.png,5
1019_7.png,7
1020_1.png,1
1021_8.png,8
1022_4.png,4
1023_8.png,8
1024_2.png,2
1025_7.png,7
1026_7.png,7
1027_0.png,0
1028_2.png,2
1029_2.png,2
1030_4.png,4
1031_3.png,3
1032_3.png,3
1033_1.png,1
1034_1.png,1
1035_6.png,6
1036_4.png,4
1037_6.png,6
1038_7.png,7
1039_4.png,4
1040_7.png,7
1041_3.png,3
1042_8.png,8
1043_1.png,1
1044_3.png,3
1045_1.png,1
1046_4.png,4
1047_6.png,6
1048_5.png,5
1049_7.png,7
1050_4.png,4
1051_5.png,5
1052_4.png,4
1053_7.png,7
1054_7.png,7
1055_2.png,2
1056_3.png,3
1057_3.png,3
1058_6.png,6
1059_7.png,7
1060_4.png,4
1061_1.png,1
1062_6.png,6
1063_1.png,1
1064_0.png,0
1065_6.png,6
1066_6.png,6
1067_0.png,0
1068_2.png,2
1069_0.png,0
1070_2.png,2
1071_4.png,4
1072_7.png,7
1073_0.png,0
1074_0.png,0
1075_0.png,0
1076_0.png,0
1077_7.png,7
1078_5.png,5
1079_3.png,3
1080_2.png,2
1081_7.png,7
1082_2.png,2
1083_2.png,2
1084_8.png,8
1085_1.png,1
1086_2.png,2
1087_2.png,2
1088_0.png,0
1089_3.png,3
1090_4.png,4
1091_1.png,1
1092_6.png,6
1093_0.png,0
1094_8.png,8
1095_3.png,3
1096_6.png,6
1097_4.png,4
1098_6.png,6
1099_7.png,7
1100_5.png,5
1101_8.png,8
1102_0.png,0
1103_5.png,5
1104_0.png,0
1105_5.png,5
1106_4.png,4
1107_3.png,3
1108_8.png,8
1109_5.png,5
1110_2.png,2
1111_0.png,0
1112_8.png,8
1113_5.png,5
1114_2.png,2
1115_5.png,5
1116_6.png,6
1117_5.png,5
1118_7.png,7
1119_3.png,3
1120_7.png,7
1121_2.png,2
1122_8.png,8
1123_8.png,8
1124_4.png,4
1125_2.png,2
1126_1.png,1
1127_6.png,6
1128_2.png,2
1129_8.png,8
1130_2.png,2
1131_3.png,3
1132_1.png,1
1133_0.png,0
1134_5.png,5
1135_2.png,2
1136_3.png,3
1137_7.png,7
1138_5.png,5
1139_1.png,1
1140_1.png,1
1141_3.png,3
1142_2.png,2
1143_7.png,7
1144_4.png,4
1145_4.png,4
1146_1.png,1
1147_4.png,4
1148_5.png,5
1149_2.png,2
1150_7.png,7
1151_7.png,7
1152_6.png,6
1153_1.png,1
1154_2.png,2
1155_3.png,3
1156_7.png,7
1157_4.png,4
1158_7.png,7
1159_0.png,0
1160_0.png,0
1161_1.png,1
1162_4.png,4
1163_4.png,4
1164_7.png,7
1165_8.png,8
1166_7.png,7
1167_0.png,0
1168_0.png,0
1169_3.png,3
1170_7.png,7
1171_6.png,6
1172_8.png,8
1173_4.png,4
1174_5.png,5
1175_6.png,6
1176_5.png,5
1177_3.png,3
1178_4.png,4
1179_2.png,2
1180_2.png,2
1181_4.png,4
1182_2.png,2
1183_0.png,0
1184_1.png,1
1185_1.png,1
1186_3.png,3
1187_7.png,7
1188_5.png,5
1189_1.png,1
1190_6.png,6
1191_0.png,0
1192_3.png,3
1193_3.png,3
1194_7.png,7
1195_2.png,2
1196_4.png,4
1197_5.png,5
1198_2.png,2
1199_3.png,3
1200_6.png,6
1201_3.png,3
1202_3.png,3
1203_0.png,0
1204_4.png,4
1205_4.png,4
1206_3.png,3
1207_8.png,8
1208_1.png,1
1209_2.png,2
1210_3.png,3
1211_2.png,2
1212_7.png,7
1213_1.png,1
1214_4.png,4
1215_5.png,5
1216_6.png,6
1217_8.png,8
1218_6.png,6
1219_6.png,6
1220_5.png,5
1221_4.png,4
1222_2.png,2
1223_3.png,3
1224_2.png,2
1225_0.png,0
1226_4.png,4
1227_5.png,5
1228_5.png,5
1229_6.png,6
1230_6.png,6
1231_5.png,5
1232_6.png,6
1233_7.png,7
1234_4.png,4
1235_8.png,8
1236_1.png,1
1237_8.png,8
1238_1.png,1
1239_0.png,0
1240_3.png,3
1241_0.png,0
1242_4.png,4
1243_7.png,7
1244_7.png,7
1245_2.png,2
1246_5.png,5
1247_6.png,6
1248_7.png,7
1249_7.png,7
1250_7.png,7
1251_0.png,0
1252_8.png,8
1253_6.png,6
1254_8.png,8
1255_3.png,3
1256_8.png,8
1257_3.png,3
1258_2.png,2
1259_2.png,2
1260_7.png,7
1261_4.png,4
1262_1.png,1
1263_7.png,7
1264_0.png,0
1265_8.png,8
1266_1.png,1
1267_2.png,2
1268_0.png,0
1269_6.png,6
1270_5.png,5
1271_1.png,1
1272_4.png,4
1273_2.png,2
1274_8.png,8
1275_2.png,2
1276_8.png,8
1277_3.png,3
1278_3.png,3
1279_1.png,1
1280_4.png,4
1281_8.png,8
1282_1.png,1
1283_1.png,1
1284_7.png,7
1285_4.png,4
1286_6.png,6
1287_8.png,8
1288_5.png,5
1289_3.png,3
1290_2.png,2
1291_2.png,2
1292_8.png,8
1293_5.png,5
1294_1.png,1
1295_7.png,7
1296_1.png,1
1297_5.png,5
1298_3.png,3
1299_1.png,1
1300_0.png,0
1301_3.png,3
1302_8.png,8
1303_2.png,2
1304_0.png,0
1305_0.png,0
1306_4.png,4
1307_8.png,8
1308_3.png,3
1309_0.png,0
1310_7.png,7
1311_0.png,0
1312_7.png,7
1313_0.png,0
1314_5.png,5
1315_5.png,5
1316_4.png,4
1317_3.png,3
1318_0.png,0
1319_0.png,0
1320_2.png,2
1321_2.png,2
1322_0.png,0
1323_8.png,8
1324_4.png,4
1325_4.png,4
1326_5.png,5
1327_2.png,2
1328_2.png,2
1329_1.png,1
1330_1.png,1
1331_5.png,5
1332_5.png,5
1333_4.png,4
1334_3.png,3
1335_4.png,4
1336_0.png,0
1337_8.png,8
1338_4.png,4
1339_8.png,8
1340_2.png,2
1341_5.png,5
1342_6.png,6
1343_2.png,2
1344_4.png,4
1345_0.png,0
1346_5.png,5
1347_8.png,8
1348_6.png,6
1349_3.png,3
1350_1.png,1
1351_5.png,5
1352_0.png,0
1353_2.png,2
1354_5.png,5
1355_2.png,2
1356_6.png,6
1357_5.png,5
1358_2.png,2
1359_6.png,6
1360_2.png,2
1361_7.png,7
1362_6.png,6
1363_1.png,1
1364_5.png,5
1365_3.png,3
1366_2.png,2
1367_3.png,3
1368_7.png,7
1369_0.png,0
1370_5.png,5
1371_7.png,7
1372_5.png,5
1373_5.png,5
1374_6.png,6
1375_6.png,6
1376_4.png,4
1377_3.png,3
1378_5.png,5
1379_7.png,7
1380_2.png,2
1381_1.png,1
1382_5.png,5
1383_7.png,7
1384_7.png,7
1385_7.png,7
1386_5.png,5
1387_7.png,7
1388_1.png,1
1389_8.png,8
1390_5.png,5
1391_7.png,7
1392_2.png,2
1393_2.png,2
1394_6.png,6
1395_7.png,7
1396_2.png,2
1397_6.png,6
1398_3.png,3
1399_2.png,2
1400_5.png,5
1401_7.png,7
1402_7.png,7
1403_5.png,5
1404_6.png,6
1405_5.png,5
1406_3.png,3
1407_1.png,1
1408_2.png,2
1409_6.png,6
1410_5.png,5
1411_3.png,3
1412_7.png,7
1413_7.png,7
1414_4.png,4
1415_5.png,5
1416_4.png,4
1417_6.png,6
1418_4.png,4
1419_5.png,5
1420_5.png,5
1421_7.png,7
1422_2.png,2
1423_7.png,7
1424_7.png,7
1425_2.png,2
1426_2.png,2
1427_7.png,7
1428_7.png,7
1429_1.png,1
1430_2.png,2
1431_1.png,1
1432_4.png,4
1433_3.png,3
1434_2.png,2
1435_5.png,5
1436_4.png,4
1437_5.png,5
1438_2.png,2
1439_2.png,2
1440_3.png,3
1441_1.png,1
1442_5.png,5
1443_1.png,1
1444_1.png,1
1445_1.png,1
1446_6.png,6
1447_5.png,5
1448_1.png,1
1449_7.png,7
1450_7.png,7
1451_5.png,5
1452_7.png,7
1453_4.png,4
1454_2.png,2
1455_2.png,2
1456_5.png,5
1457_1.png,1
1458_5.png,5
1459_8.png,8
1460_1.png,1
1461_4.png,4
1462_7.png,7
1463_1.png,1
1464_3.png,3
1465_1.png,1
1466_8.png,8
1467_7.png,7
1468_2.png,2
1469_2.png,2
1470_2.png,2
1471_7.png,7
1472_6.png,6
1473_4.png,4
1474_4.png,4
1475_1.png,1
1476_5.png,5
1477_6.png,6
1478_4.png,4
1479_5.png,5
1480_1.png,1
1481_5.png,5
1482_2.png,2
1483_6.png,6
1484_5.png,5
1485_1.png,1
1486_2.png,2
1487_5.png,5
1488_3.png,3
1489_3.png,3
1490_1.png,1
1491_7.png,7
1492_5.png,5
1493_4.png,4
1494_1.png,1
1495_6.png,6
1496_1.png,1
1497_2.png,2
1498_7.png,7
1499_7.png,7
1500_3.png,3
1501_6.png,6
1502_7.png,7
1503_7.png,7
1504_4.png,4
1505_2.png,2
1506_7.png,7
1507_5.png,5
1508_6.png,6
1509_5.png,5
1510_3.png,3
1511_5.png,5
1512_5.png,5
1513_5.png,5
1514_3.png,3
1515_7.png,7
1516_3.png,3
1517_1.png,1
1518_5.png,5
1519_7.png,7
1520_7.png,7
1521_2.png,2
1522_5.png,5
1523_7.png,7
1524_6.png,6
1525_7.png,7
1526_1.png,1
1527_5.png,5
1528_1.png,1
1529_7.png,7
1530_5.png,5
1531_4.png,4
1532_7.png,7
1533_7.png,7
1534_1.png,1
1535_6.png,6
1536_6.png,6
1537_1.png,1
1538_7.png,7
1539_5.png,5
1540_1.png,1
1541_4.png,4
1542_7.png,7
1543_5.png,5
1544_7.png,7
1545_9.png,9
1546_5.png,5
1547_7.png,7
1548_7.png,7
1549_7.png,7
1550_1.png,1
1551_7.png,7
1552_2.png,2
1553_2.png,2
1554_8.png,8
1555_2.png,2
1556_2.png,2
1557_5.png,5
1558_6.png,6
1559_2.png,2
1560_3.png,3
1561_6.png,6
1562_6.png,6
1563_1.png,1
1564_4.png,4
1565_1.png,1
1566_6.png,6
1567_2.png,2
1568_0.png,0
1569_7.png,7
1570_3.png,3
1571_7.png,7
1572_7.png,7
1573_4.png,4
1574_5.png,5
1575_4.png,4
1576_3.png,3
1577_1.png,1
1578_7.png,7
1579_7.png,7
1580_1.png,1
1581_6.png,6
1582_5.png,5
1583_0.png,0
1584_4.png,4
1585_6.png,6
1586_1.png,1
1587_5.png,5
1588_3.png,3
1589_6.png,6
1590_2.png,2
1591_2.png,2
1592_7.png,7
1593_5.png,5
1594_1.png,1
1595_0.png,0
1596_6.png,6
1597_7.png,7
1598_5.png,5
1599_5.png,5
1600_4.png,4
1601_3.png,3
1602_3.png,3
1603_8.png,8
1604_3.png,3
1605_4.png,4
1606_7.png,7
1607_2.png,2
1608_8.png,8
1609_0.png,0
1610_7.png,7
1611_3.png,3
1612_3.png,3
1613_5.png,5
1614_2.png,2
1615_4.png,4
1616_4.png,4
1617_4.png,4
1618_2.png,2
1619_4.png,4
1620_0.png,0
1621_6.png,6
1622_4.png,4
1623_6.png,6
1624_0.png,0
1625_8.png,8
1626_8.png,8
1627_0.png,0
1628_6.png,6
1629_1.png,1
1630_1.png,1
1631_6.png,6
1632_1.png,1
1633_4.png,4
1634_2.png,2
1635_1.png,1
1636_1.png,1
1637_2.png,2
1638_4.png,4
1639_4.png,4
1640_5.png,5
1641_8.png,8
1642_5.png,5
1643_1.png,1
1644_2.png,2
1645_3.png,3
1646_3.png,3
1647_6.png,6
1648_6.png,6
1649_5.png,5
1650_7.png,7
1651_3.png,3
1652_3.png,3
1653_2.png,2
1654_7.png,7
1655_4.png,4
1656_5.png,5
1657_6.png,6
1658_0.png,0
1659_2.png,2
1660_1.png,1
1661_8.png,8
1662_1.png,1
1663_0.png,0
1664_1.png,1
1665_0.png,0
1666_5.png,5
1667_4.png,4
1668_2.png,2
1669_3.png,3
1670_3.png,3
1671_6.png,6
1672_7.png,7
1673_6.png,6
1674_0.png,0
1675_0.png,0
1676_5.png,5
1677_7.png,7
1678_4.png,4
1679_7.png,7
1680_7.png,7
1681_0.png,0
1682_6.png,6
1683_1.png,1
1684_3.png,3
1685_0.png,0
1686_3.png,3
1687_8.png,8
1688_4.png,4
1689_8.png,8
1690_4.png,4
1691_1.png,1
1692_0.png,0
1693_2.png,2
1694_4.png,4
1695_1.png,1
1696_1.png,1
1697_2.png,2
1698_4.png,4
1699_4.png,4
1700_1.png,1
1701_4.png,4
1702_7.png,7
1703_1.png,1
1704_0.png,0
1705_0.png,0
1706_0.png,0
1707_4.png,4
1708_2.png,2
1709_8.png,8
1710_5.png,5
1711_5.png,5
1712_0.png,0
1713_4.png,4
1714_0.png,0
1715_8.png,8
1716_6.png,6
1717_5.png,5
1718_2.png,2
1719_1.png,1
1720_1.png,1
1721_5.png,5
1722_4.png,4
1723_7.png,7
1724_5.png,5
1725_8.png,8
1726_6.png,6
1727_1.png,1
1728_5.png,5
1729_3.png,3
1730_4.png,4
1731_1.png,1
1732_8.png,8
1733_6.png,6
1734_8.png,8
1735_5.png,5
1736_4.png,4
1737_6.png,6
1738_2.png,2
1739_6.png,6
1740_3.png,3
1741_7.png,7
1742_4.png,4
1743_0.png,0
1744_0.png,0
1745_1.png,1
1746_7.png,7
1747_5.png,5
1748_1.png,1
1749_5.png,5
1750_3.png,3
1751_1.png,1
1752_6.png,6
1753_8.png,8
1754_7.png,7
1755_3.png,3
1756_6.png,6
1757_1.png,1
1758_2.png,2
1759_0.png,0
1760_1.png,1
1761_7.png,7
1762_2.png,2
1763_1.png,1
1764_0.png,0
1765_8.png,8
1766_2.png,2
1767_8.png,8
1768_6.png,6
1769_2.png,2
1770_6.png,6
1771_3.png,3
1772_0.png,0
1773_4.png,4
1774_7.png,7
1775_5.png,5
1776_0.png,0
1777_6.png,6
1778_8.png,8
1779_1.png,1
1780_2.png,2
1781_1.png,1
1782_5.png,5
1783_4.png,4
1784_5.png,5
1785_6.png,6
1786_7.png,7
1787_1.png,1
1788_0.png,0
1789_6.png,6
1790_2.png,2
1791_7.png,7
1792_3.png,3
1793_7.png,7
1794_1.png,1
1795_3.png,3
1796_5.png,5
1797_4.png,4
1798_6.png,6
1799_3.png,3
1800_8.png,8
1801_8.png,8
1802_0.png,0
1803_4.png,4
1804_3.png,3
1805_6.png,6
1806_7.png,7
1807_0.png,0
1808_4.png,4
1809_5.png,5
1810_6.png,6
1811_2.png,2
1812_0.png,0
1813_4.png,4
1814_2.png,2
1815_8.png,8
1816_1.png,1
1817_1.png,1
1818_0.png,0
1819_0.png,0
1820_7.png,7
1821_4.png,4
1822_1.png,1
1823_1.png,1
1824_7.png,7
1825_4.png,4
1826_6.png,6
1827_6.png,6
1828_0.png,0
1829_2.png,2
1830_8.png,8
1831_5.png,5
1832_3.png,3
1833_5.png,5
1834_3.png,3
1835_5.png,5
1836_7.png,7
1837_8.png,8
1838_4.png,4
1839_4.png,4
1840_3.png,3
1841_1.png,1
1842_4.png,4
1843_8.png,8
1844_6.png,6
1845_5.png,5
1846_3.png,3
1847_8.png,8
1848_5.png,5
1849_7.png,7
1850_6.png,6
1851_2.png,2
1852_0.png,0
1853_4.png,4
1854_0.png,0
1855_5.png,5
1856_2.png,2
1857_3.png,3
1858_1.png,1
1859_1.png,1
1860_0.png,0
1861_2.png,2
1862_8.png,8
1863_2.png,2
1864_1.png,1
1865_1.png,1
1866_7.png,7
1867_5.png,5
1868_2.png,2
1869_3.png,3
1870_4.png,4
1871_1.png,1
1872_2.png,2
1873_2.png,2
1874_1.png,1
1875_4.png,4
1876_8.png,8
1877_0.png,0
1878_0.png,0
1879_4.png,4
1880_0.png,0
1881_2.png,2
1882_2.png,2
1883_0.png,0
1884_6.png,6
1885_8.png,8
1886_7.png,7
1887_3.png,3
1888_3.png,3
1889_8.png,8
1890_0.png,0
1891_2.png,2
1892_5.png,5
1893_3.png,3
1894_6.png,6
1895_1.png,1
1896_3.png,3
1897_5.png,5
1898_0.png,0
1899_5.png,5
1900_4.png,4
1901_4.png,4
1902_0.png,0
1903_1.png,1
1904_1.png,1
1905_6.png,6
1906_6.png,6
1907_2.png,2
1908_4.png,4
1909_3.png,3
1910_8.png,8
1911_3.png,3
1912_4.png,4
1913_7.png,7
1914_0.png,0
1915_2.png,2
1916_8.png,8
1917_4.png,4
1918_8.png,8
1919_3.png,3
1920_8.png,8
1921_8.png,8
1922_8.png,8
1923_3.png,3
1924_3.png,3
1925_5.png,5
1926_7.png,7
1927_0.png,0
1928_4.png,4
1929_1.png,1
1930_5.png,5
1931_7.png,7
1932_0.png,0
1933_6.png,6
1934_8.png,8
1935_4.png,4
1936_0.png,0
1937_1.png,1
1938_8.png,8
1939_6.png,6
1940_3.png,3
1941_2.png,2
1942_4.png,4
1943_0.png,0
1944_3.png,3
1945_3.png,3
1946_4.png,4
1947_5.png,5
1948_1.png,1
1949_1.png,1
1950_8.png,8
1951_2.png,2
1952_2.png,2
1953_3.png,3
1954_7.png,7
1955_8.png,8
1956_2.png,2
1957_3.png,3
1958_1.png,1
1959_7.png,7
1960_3.png,3
1961_2.png,2
1962_0.png,0
1963_1.png,1
1964_5.png,5
1965_5.png,5
1966_3.png,3
1967_4.png,4
1968_5.png,5
1969_2.png,2
1970_0.png,0
1971_0.png,0
1972_3.png,3
1973_1.png,1
1974_3.png,3
1975_4.png,4
1976_7.png,7
1977_4.png,4
1978_2.png,2
1979_8.png,8
1980_4.png,4
1981_8.png,8
1982_4.png,4
1983_2.png,2
1984_4.png,4
1985_3.png,3
1986_6.png,6
1987_4.png,4
1988_6.png,6
1989_4.png,4
1990_6.png,6
1991_6.png,6
1992_8.png,8
1993_7.png,7
1994_4.png,4
1995_8.png,8
1996_5.png,5
1997_3.png,3
1998_0.png,0
1999_7.png,7
2000_5.png,5
2001_1.png,1
2002_7.png,7
2003_1.png,1
2004_8.png,8
2005_4.png,4
2006_2.png,2
2007_1.png,1
2008_6.png,6
2009_4.png,4
2010_3.png,3
2011_0.png,0
2012_1.png,1
2013_4.png,4
2014_8.png,8
2015_6.png,6
2016_1.png,1
2017_7.png,7
2018_1.png,1
2019_3.png,3
2020_4.png,4
2021_3.png,3
2022_7.png,7
2023_8.png,8
2024_2.png,2
2025_5.png,5
2026_4.png,4
2027_5.png,5
2028_4.png,4
2029_7.png,7
2030_2.png,2
2031_5.png,5
2032_5.png,5
2033_1.png,1
2034_7.png,7
2035_7.png,7
2036_8.png,8
2037_3.png,3
2038_6.png,6
2039_0.png,0
2040_2.png,2
2041_5.png,5
2042_2.png,2
2043_3.png,3
2044_7.png,7
2045_4.png,4
2046_2.png,2
2047_1.png,1
2048_6.png,6
2049_8.png,8
2050_6.png,6
2051_8.png,8
2052_3.png,3
2053_2.png,2
2054_7.png,7
2055_7.png,7
2056_1.png,1
2057_4.png,4
2058_7.png,7
2059_4.png,4
2060_6.png,6
2061_1.png,1
2062_7.png,7
2063_0.png,0
2064_0.png,0
2065_6.png,6
2066_6.png,6
2067_8.png,8
2068_6.png,6
2069_6.png,6
2070_0.png,0
2071_3.png,3
2072_4.png,4
2073_4.png,4
2074_4.png,4
2075_3.png,3
2076_4.png,4
2077_1.png,1
2078_4.png,4
2079_0.png,0
2080_3.png,3
2081_7.png,7
2082_1.png,1
2083_2.png,2
2084_2.png,2
2085_8.png,8
2086_4.png,4
2087_7.png,7
2088_8.png,8
2089_5.png,5
2090_5.png,5
2091_6.png,6
2092_5.png,5
2093_6.png,6
2094_0.png,0
2095_6.png,6
2096_4.png,4
2097_2.png,2
2098_7.png,7
2099_3.png,3
2100_3.png,3
2101_4.png,4
2102_1.png,1
2103_6.png,6
2104_4.png,4
2105_3.png,3
2106_8.png,8
2107_1.png,1
2108_6.png,6
2109_5.png,5
2110_0.png,0
2111_7.png,7
2112_2.png,2
2113_2.png,2
2114_4.png,4
2115_2.png,2
2116_6.png,6
2117_4.png,4
2118_8.png,8
2119_1.png,1
2120_5.png,5
2121_6.png,6
2122_1.png,1
2123_8.png,8
2124_6.png,6
2125_6.png,6
2126_7.png,7
2127_6.png,6
2128_2.png,2
2129_6.png,6
2130_1.png,1
2131_2.png,2
2132_3.png,3
2133_1.png,1
2134_6.png,6
2135_4.png,4
2136_0.png,0
2137_3.png,3
2138_1.png,1
2139_0.png,0
2140_5.png,5
2141_3.png,3
2142_1.png,1
2143_6.png,6
2144_8.png,8
2145_0.png,0
2146_6.png,6
2147_1.png,1
2148_6.png,6
2149_2.png,2
2150_3.png,3
2151_5.png,5
2152_6.png,6
2153_0.png,0
2154_7.png,7
2155_2.png,2
2156_4.png,4
2157_3.png,3
2158_6.png,6
2159_8.png,8
2160_6.png,6
2161_1.png,1
2162_6.png,6
2163_4.png,4
2164_5.png,5
2165_5.png,5
2166_4.png,4
2167_1.png,1
2168_2.png,2
2169_0.png,0
2170_7.png,7
2171_3.png,3
2172_5.png,5
2173_1.png,1
2174_8.png,8
2175_3.png,3
2176_0.png,0
2177_5.png,5
2178_2.png,2
2179_8.png,8
2180_8.png,8
2181_6.png,6
2182_0.png,0
2183_3.png,3
2184_5.png,5
2185_3.png,3
2186_4.png,4
2187_1.png,1
2188_5.png,5
2189_0.png,0
2190_7.png,7
2191_3.png,3
2192_4.png,4
2193_5.png,5
2194_3.png,3
2195_1.png,1
2196_4.png,4
2197_2.png,2
2198_4.png,4
2199_7.png,7
2200_1.png,1
2201_7.png,7
2202_0.png,0
2203_1.png,1
2204_2.png,2
2205_1.png,1
2206_5.png,5
2207_3.png,3
2208_8.png,8
2209_4.png,4
2210_1.png,1
2211_5.png,5
2212_1.png,1
2213_7.png,7
2214_0.png,0
2215_1.png,1
2216_7.png,7
2217_6.png,6
2218_2.png,2
2219_6.png,6
2220_5.png,5
2221_0.png,0
2222_1.png,1
2223_8.png,8
2224_0.png,0
2225_8.png,8
2226_8.png,8
2227_2.png,2
2228_1.png,1
2229_3.png,3
2230_6.png,6
2231_7.png,7
2232_6.png,6
2233_0.png,0
2234_8.png,8
2235_6.png,6
2236_2.png,2
2237_4.png,4
2238_2.png,2
2239_3.png,3
2240_5.png,5
2241_5.png,5
2242_4.png,4
2243_1.png,1
2244_6.png,6
2245_1.png,1
2246_6.png,6
2247_1.png,1
2248_7.png,7
2249_1.png,1
2250_6.png,6
2251_2.png,2
2252_3.png,3
2253_0.png,0
2254_4.png,4
2255_2.png,2
2256_7.png,7
2257_5.png,5
2258_5.png,5
2259_6.png,6
2260_8.png,8
2261_8.png,8
2262_1.png,1
2263_1.png,1
2264_3.png,3
2265_5.png,5
2266_6.png,6
2267_5.png,5
2268_3.png,3
2269_8.png,8
2270_7.png,7
2271_5.png,5
2272_0.png,0
2273_7.png,7
2274_5.png,5
2275_7.png,7
2276_1.png,1
2277_1.png,1
2278_3.png,3
2279_5.png,5
2280_5.png,5
2281_3.png,3
2282_0.png,0
2283_3.png,3
2284_0.png,0
2285_6.png,6
2286_6.png,6
2287_5.png,5
2288_6.png,6
2289_8.png,8
2290_4.png,4
2291_5.png,5
2292_1.png,1
2293_1.png,1
2294_2.png,2
2295_7.png,7
2296_0.png,0
2297_1.png,1
2298_2.png,2
2299_5.png,5
2300_4.png,4
2301_4.png,4
2302_7.png,7
2303_4.png,4
2304_8.png,8
2305_3.png,3
2306_5.png,5
2307_0.png,0
2308_1.png,1
2309_2.png,2
2310_8.png,8
2311_1.png,1
2312_7.png,7
2313_3.png,3
2314_5.png,5
2315_1.png,1
2316_1.png,1
2317_1.png,1
2318_3.png,3
2319_6.png,6
2320_7.png,7
2321_4.png,4
2322_8.png,8
2323_3.png,3
2324_5.png,5
2325_6.png,6
2326_0.png,0
2327_1.png,1
2328_7.png,7
2329_7.png,7
2330_2.png,2
2331_3.png,3
2332_5.png,5
2333_1.png,1
2334_5.png,5
2335_0.png,0
2336_2.png,2
2337_6.png,6
2338_2.png,2
2339_8.png,8
2340_5.png,5
2341_6.png,6
2342_7.png,7
2343_0.png,0
2344_6.png,6
2345_6.png,6
2346_0.png,0
2347_2.png,2
2348_7.png,7
2349_8.png,8
2350_6.png,6
2351_6.png,6
2352_7.png,7
2353_6.png,6
2354_6.png,6
2355_6.png,6
2356_3.png,3
2357_3.png,3
2358_9.png,9
2359_4.png,4
2360_3.png,3
2361_7.png,7
2362_2.png,2
2363_2.png,2
2364_2.png,2
2365_2.png,2
2366_0.png,0
2367_3.png,3
2368_3.png,3
2369_6.png,6
2370_3.png,3
2371_3.png,3
2372_7.png,7
2373_0.png,0
2374_4.png,4
2375_7.png,7
2376_1.png,1
2377_4.png,4
2378_8.png,8
2379_2.png,2
2380_2.png,2
2381_4.png,4
2382_7.png,7
2383_2.png,2
2384_4.png,4
2385_1.png,1
2386_6.png,6
2387_7.png,7
2388_4.png,4
2389_4.png,4
2390_3.png,3
2391_4.png,4
2392_0.png,0
2393_4.png,4
2394_6.png,6
2395_7.png,7
2396_7.png,7
2397_7.png,7
2398_3.png,3
2399_3.png,3
2400_7.png,7
2401_7.png,7
2402_2.png,2
2403_0.png,0
2404_0.png,0
2405_7.png,7
2406_6.png,6
2407_3.png,3
2408_6.png,6
2409_3.png,3
2410_2.png,2
2411_4.png,4
2412_4.png,4
2413_7.png,7
2414_5.png,5
2415_2.png,2
2416_0.png,0
2417_1.png,1
2418_2.png,2
2419_2.png,2
2420_4.png,4
2421_2.png,2
2422_7.png,7
2423_3.png,3
2424_2.png,2
2425_6.png,6
2426_3.png,3
2427_2.png,2
2428_6.png,6
2429_3.png,3
2430_6.png,6
2431_7.png,7
2432_3.png,3
2433_7.png,7
2434_7.png,7
2435_6.png,6
2436_4.png,4
2437_6.png,6
2438_6.png,6
2439_3.png,3
2440_3.png,3
2441_2.png,2
2442_2.png,2
2443_8.png,8
2444_7.png,7
2445_9.png,9
2446_4.png,4
2447_6.png,6
2448_3.png,3
2449_3.png,3
2450_6.png,6
2451_4.png,4
2452_6.png,6
2453_3.png,3
2454_6.png,6
2455_7.png,7
2456_3.png,3
2457_3.png,3
2458_6.png,6
2459_4.png,4
2460_3.png,3
2461_4.png,4
2462_3.png,3
2463_7.png,7
2464_6.png,6
2465_4.png,4
2466_3.png,3
2467_6.png,6
2468_4.png,4
2469_4.png,4
2470_3.png,3
2471_4.png,4
2472_2.png,2
2473_9.png,9
2474_4.png,4
2475_6.png,6
2476_6.png,6
2477_1.png,1
2478_4.png,4
2479_3.png,3
2480_6.png,6
2481_1.png,1
2482_2.png,2
2483_6.png,6
2484_7.png,7
2485_2.png,2
2486_3.png,3
2487_7.png,7
2488_7.png,7
2489_3.png,3
2490_4.png,4
2491_6.png,6
2492_2.png,2
2493_6.png,6
2494_2.png,2
2495_1.png,1
2496_6.png,6
2497_2.png,2
2498_4.png,4
2499_7.png,7
2500_8.png,8
2501_4.png,4
2502_3.png,3
2503_3.png,3
2504_4.png,4
2505_4.png,4
2506_2.png,2
2507_7.png,7
2508_3.png,3
2509_7.png,7
2510_7.png,7
2511_8.png,8
2512_6.png,6
2513_1.png,1
2514_0.png,0
2515_3.png,3
2516_8.png,8
2517_3.png,3
2518_6.png,6
2519_3.png,3
2520_2.png,2
2521_4.png,4
2522_3.png,3
2523_2.png,2
2524_7.png,7
2525_4.png,4
2526_2.png,2
2527_6.png,6
2528_4.png,4
2529_4.png,4
2530_2.png,2
2531_6.png,6
2532_7.png,7
2533_4.png,4
2534_7.png,7
2535_2.png,2
2536_4.png,4
2537_6.png,6
2538_9.png,9
2539_4.png,4
2540_4.png,4
2541_4.png,4
2542_6.png,6
2543_5.png,5
2544_4.png,4
2545_6.png,6
2546_3.png,3
2547_5.png,5
2548_2.png,2
2549_6.png,6
2550_3.png,3
2551_3.png,3
2552_8.png,8
2553_5.png,5
2554_4.png,4
2555_2.png,2
2556_5.png,5
2557_0.png,0
2558_5.png,5
2559_4.png,4
2560_2.png,2
2561_7.png,7
2562_6.png,6
2563_5.png,5
2564_7.png,7
2565_2.png,2
2566_2.png,2
2567_4.png,4
2568_4.png,4
2569_3.png,3
2570_4.png,4
2571_0.png,0
2572_3.png,3
2573_5.png,5
2574_5.png,5
2575_2.png,2
2576_8.png,8
2577_5.png,5
2578_0.png,0
2579_8.png,8
2580_7.png,7
2581_5.png,5
2582_2.png,2
2583_4.png,4
2584_3.png,3
2585_0.png,0
2586_2.png,2
2587_3.png,3
2588_1.png,1
2589_0.png,0
2590_0.png,0
2591_2.png,2
2592_1.png,1
2593_2.png,2
2594_1.png,1
2595_4.png,4
2596_6.png,6
2597_7.png,7
2598_1.png,1
2599_5.png,5
2600_2.png,2
2601_5.png,5
2602_2.png,2
2603_5.png,5
2604_6.png,6
2605_7.png,7
2606_1.png,1
2607_6.png,6
2608_2.png,2
2609_4.png,4
2610_2.png,2
2611_3.png,3
2612_2.png,2
2613_5.png,5
2614_1.png,1
2615_1.png,1
2616_5.png,5
2617_2.png,2
2618_5.png,5
2619_6.png,6
2620_8.png,8
2621_8.png,8
2622_3.png,3
2623_5.png,5
2624_4.png,4
2625_1.png,1
2626_3.png,3
2627_7.png,7
2628_0.png,0
2629_2.png,2
2630_3.png,3
2631_8.png,8
2632_5.png,5
2633_2.png,2
2634_0.png,0
2635_4.png,4
2636_7.png,7
2637_1.png,1
2638_7.png,7
2639_6.png,6
2640_4.png,4
2641_4.png,4
2642_8.png,8
2643_0.png,0
2644_7.png,7
2645_1.png,1
2646_2.png,2
2647_4.png,4
2648_0.png,0
2649_3.png,3
2650_5.png,5
2651_1.png,1
2652_3.png,3
2653_5.png,5
2654_2.png,2
2655_4.png,4
2656_1.png,1
2657_1.png,1
2658_3.png,3
2659_3.png,3
2660_2.png,2
2661_5.png,5
2662_8.png,8
2663_8.png,8
2664_1.png,1
2665_1.png,1
2666_5.png,5
2667_0.png,0
2668_2.png,2
2669_0.png,0
2670_6.png,6
2671_1.png,1
2672_1.png,1
2673_3.png,3
2674_4.png,4
2675_5.png,5
2676_3.png,3
2677_3.png,3
2678_3.png,3
2679_4.png,4
2680_1.png,1
2681_5.png,5
2682_7.png,7
2683_7.png,7
2684_3.png,3
2685_5.png,5
2686_2.png,2
2687_5.png,5
2688_7.png,7
2689_2.png,2
2690_0.png,0
2691_7.png,7
2692_5.png,5
2693_3.png,3
2694_5.png,5
2695_7.png,7
2696_4.png,4
2697_6.png,6
2698_2.png,2
2699_8.png,8
2700_2.png,2
2701_7.png,7
2702_7.png,7
2703_6.png,6
2704_1.png,1
2705_3.png,3
2706_8.png,8
2707_2.png,2
2708_0.png,0
2709_4.png,4
2710_6.png,6
2711_4.png,4
2712_0.png,0
2713_2.png,2
2714_5.png,5
2715_1.png,1
2716_2.png,2
2717_4.png,4
2718_6.png,6
2719_5.png,5
2720_0.png,0
2721_5.png,5
2722_2.png,2
2723_0.png,0
2724_8.png,8
2725_2.png,2
2726_4.png,4
2727_7.png,7
2728_5.png,5
2729_7.png,7
2730_2.png,2
2731_2.png,2
2732_1.png,1
2733_2.png,2
2734_5.png,5
2735_1.png,1
2736_8.png,8
2737_1.png,1
2738_6.png,6
2739_3.png,3
2740_0.png,0
2741_8.png,8
2742_5.png,5
2743_6.png,6
2744_6.png,6
2745_3.png,3
2746_8.png,8
2747_8.png,8
2748_5.png,5
2749_3.png,3
2750_1.png,1
2751_1.png,1
2752_0.png,0
2753_7.png,7
2754_6.png,6
2755_4.png,4
2756_4.png,4
2757_6.png,6
2758_5.png,5
2759_3.png,3
2760_2.png,2
2761_6.png,6
2762_6.png,6
2763_7.png,7
2764_7.png,7
2765_7.png,7
2766_0.png,0
2767_4.png,4
2768_2.png,2
2769_7.png,7
2770_7.png,7
2771_7.png,7
2772_4.png,4
2773_0.png,0
2774_6.png,6
2775_5.png,5
2776_3.png,3
2777_0.png,0
2778_2.png,2
2779_4.png,4
2780_7.png,7
2781_3.png,3
2782_3.png,3
2783_2.png,2
2784_8.png,8
2785_8.png,8
2786_5.png,5
2787_3.png,3
2788_8.png,8
2789_0.png,0
2790_0.png,0
2791_2.png,2
2792_2.png,2
2793_7.png,7
2794_0.png,0
2795_7.png,7
2796_7.png,7
2797_2.png,2
2798_2.png,2
2799_0.png,0
2800_4.png,4
2801_3.png,3
2802_7.png,7
2803_8.png,8
2804_4.png,4
2805_7.png,7
2806_6.png,6
2807_1.png,1
2808_1.png,1
2809_6.png,6
2810_3.png,3
2811_8.png,8
2812_5.png,5
2813_3.png,3
2814_4.png,4
2815_3.png,3
2816_7.png,7
2817_5.png,5
2818_5.png,5
2819_2.png,2
2820_7.png,7
2821_7.png,7
2822_6.png,6
2823_0.png,0
2824_4.png,4
2825_5.png,5
2826_6.png,6
2827_1.png,1
2828_0.png,0
2829_4.png,4
2830_8.png,8
2831_4.png,4
2832_7.png,7
2833_1.png,1
2834_3.png,3
2835_2.png,2
2836_0.png,0
2837_1.png,1
2838_8.png,8
2839_8.png,8
2840_6.png,6
2841_8.png,8
2842_1.png,1
2843_7.png,7
2844_1.png,1
2845_0.png,0
2846_7.png,7
2847_6.png,6
2848_4.png,4
2849_8.png,8
2850_2.png,2
2851_1.png,1
2852_2.png,2
2853_5.png,5
2854_1.png,1
2855_1.png,1
2856_8.png,8
2857_4.png,4
2858_3.png,3
2859_3.png,3
2860_5.png,5
2861_6.png,6
2862_6.png,6
2863_3.png,3
2864_1.png,1
2865_4.png,4
2866_4.png,4
2867_7.png,7
2868_1.png,1
2869_4.png,4
2870_8.png,8
2871_4.png,4
2872_6.png,6
2873_2.png,2
2874_2.png,2
2875_2.png,2
2876_6.png,6
2877_3.png,3
2878_4.png,4
2879_0.png,0
2880_8.png,8
2881_1.png,1
2882_3.png,3
2883_8.png,8
2884_3.png,3
2885_1.png,1
2886_6.png,6
2887_1.png,1
2888_8.png,8
2889_2.png,2
2890_4.png,4
2891_7.png,7
2892_4.png,4
2893_0.png,0
2894_0.png,0
2895_7.png,7
2896_6.png,6
2897_8.png,8
2898_8.png,8
2899_6.png,6
2900_2.png,2
2901_8.png,8
2902_8.png,8
2903_1.png,1
2904_1.png,1
2905_0.png,0
2906_7.png,7
2907_7.png,7
2908_4.png,4
2909_4.png,4
2910_7.png,7
2911_7.png,7
2912_2.png,2
2913_6.png,6
2914_6.png,6
2915_7.png,7
2916_4.png,4
2917_5.png,5
2918_0.png,0
2919_4.png,4
2920_7.png,7
2921_2.png,2
2922_5.png,5
2923_2.png,2
2924_2.png,2
2925_7.png,7
2926_6.png,6
2927_2.png,2
2928_6.png,6
2929_4.png,4
2930_6.png,6
2931_8.png,8
2932_3.png,3
2933_8.png,8
2934_5.png,5
2935_5.png,5
2936_2.png,2
2937_3.png,3
2938_4.png,4
2939_5.png,5
2940_2.png,2
2941_7.png,7
2942_5.png,5
2943_1.png,1
2944_5.png,5
2945_3.png,3
2946_8.png,8
2947_8.png,8
2948_6.png,6
2949_0.png,0
2950_2.png,2
2951_6.png,6
2952_0.png,0
2953_0.png,0
2954_1.png,1
2955_4.png,4
2956_1.png,1
2957_3.png,3
2958_5.png,5
2959_1.png,1
2960_8.png,8
2961_6.png,6
2962_6.png,6
2963_6.png,6
2964_5.png,5
2965_1.png,1
2966_4.png,4
2967_2.png,2
2968_8.png,8
2969_5.png,5
2970_4.png,4
2971_7.png,7
2972_3.png,3
2973_7.png,7
2974_1.png,1
2975_6.png,6
2976_1.png,1
2977_4.png,4
2978_0.png,0
2979_5.png,5
2980_1.png,1
2981_6.png,6
2982_3.png,3
2983_0.png,0
2984_2.png,2
2985_5.png,5
2986_2.png,2
2987_8.png,8
2988_2.png,2
2989_3.png,3
2990_1.png,1
2991_6.png,6
2992_2.png,2
2993_0.png,0
2994_8.png,8
2995_2.png,2
2996_6.png,6
2997_4.png,4
2998_7.png,7
2999_5.png,5
3000_5.png,5
3001_8.png,8
3002_7.png,7
3003_8.png,8
3004_5.png,5
3005_7.png,7
3006_4.png,4
3007_4.png,4
3008_0.png,0
3009_7.png,7
3010_0.png,0
3011_4.png,4
3012_0.png,0
3013_4.png,4
3014_4.png,4
3015_2.png,2
3016_4.png,4
3017_0.png,0
3018_7.png,7
3019_7.png,7
3020_7.png,7
3021_0.png,0
3022_4.png,4
3023_6.png,6
3024_2.png,2
3025_1.png,1
3026_1.png,1
3027_5.png,5
3028_0.png,0
3029_1.png,1
3030_0.png,0
3031_6.png,6
3032_0.png,0
3033_0.png,0
3034_6.png,6
3035_2.png,2
3036_0.png,0
3037_4.png,4
3038_6.png,6
3039_7.png,7
3040_6.png,6
3041_1.png,1
3042_0.png,0
3043_4.png,4
3044_6.png,6
3045_0.png,0
3046_4.png,4
3047_4.png,4
3048_2.png,2
3049_7.png,7
3050_6.png,6
3051_3.png,3
3052_5.png,5
3053_4.png,4
3054_5.png,5
3055_2.png,2
3056_0.png,0
3057_5.png,5
3058_7.png,7
3059_2.png,2
3060_3.png,3
3061_4.png,4
3062_5.png,5
3063_8.png,8
3064_1.png,1
3065_3.png,3
3066_8.png,8
3067_5.png,5
3068_8.png,8
3069_6.png,6
3070_6.png,6
3071_3.png,3
3072_4.png,4
3073_0.png,0
3074_2.png,2
3075_2.png,2
3076_6.png,6
3077_1.png,1
3078_8.png,8
3079_2.png,2
3080_1.png,1
3081_3.png,3
3082_6.png,6
3083_2.png,2
3084_2.png,2
3085_3.png,3
3086_3.png,3
3087_5.png,5
3088_0.png,0
3089_2.png,2
3090_1.png,1
3091_2.png,2
3092_8.png,8
3093_0.png,0
3094_8.png,8
3095_2.png,2
3096_2.png,2
3097_7.png,7
3098_3.png,3
3099_5.png,5
3100_8.png,8
3101_3.png,3
3102_6.png,6
3103_1.png,1
3104_0.png,0
3105_8.png,8
3106_6.png,6
3107_3.png,3
3108_5.png,5
3109_8.png,8
3110_4.png,4
3111_8.png,8
3112_0.png,0
3113_0.png,0
3114_2.png,2
3115_1.png,1
3116_8.png,8
3117_3.png,3
3118_7.png,7
3119_2.png,2
3120_8.png,8
3121_0.png,0
3122_8.png,8
3123_4.png,4
3124_8.png,8
3125_5.png,5
3126_4.png,4
3127_8.png,8
3128_5.png,5
3129_5.png,5
3130_7.png,7
3131_2.png,2
3132_5.png,5
3133_8.png,8
3134_8.png,8
3135_1.png,1
3136_2.png,2
3137_3.png,3
3138_1.png,1
3139_5.png,5
3140_0.png,0
3141_2.png,2
3142_3.png,3
3143_0.png,0
3144_8.png,8
3145_2.png,2
3146_2.png,2
3147_8.png,8
3148_7.png,7
3149_5.png,5
3150_3.png,3
3151_6.png,6
3152_5.png,5
3153_1.png,1
3154_1.png,1
3155_7.png,7
3156_3.png,3
3157_3.png,3
3158_8.png,8
3159_6.png,6
3160_0.png,0
3161_8.png,8
3162_0.png,0
3163_6.png,6
3164_6.png,6
3165_4.png,4
3166_6.png,6
3167_1.png,1
3168_1.png,1
3169_7.png,7
3170_0.png,0
3171_6.png,6
3172_8.png,8
3173_0.png,0
3174_6.png,6
3175_0.png,0
3176_1.png,1
3177_1.png,1
3178_7.png,7
3179_2.png,2
3180_1.png,1
3181_0.png,0
3182_4.png,4
3183_5.png,5
3184_0.png,0
3185_3.png,3
3186_6.png,6
3187_3.png,3
3188_3.png,3
3189_8.png,8
3190_1.png,1
3191_8.png,8
3192_1.png,1
3193_3.png,3
3194_1.png,1
3195_5.png,5
3196_4.png,4
3197_5.png,5
3198_1.png,1
3199_8.png,8
3200_1.png,1
3201_3.png,3
3202_1.png,1
3203_7.png,7
3204_8.png,8
3205_4.png,4
3206_6.png,6
3207_0.png,0
3208_0.png,0
3209_4.png,4
3210_6.png,6
3211_2.png,2
3212_1.png,1
3213_0.png,0
3214_8.png,8
3215_5.png,5
3216_6.png,6
3217_0.png,0
3218_3.png,3
3219_4.png,4
3220_6.png,6
3221_5.png,5
3222_7.png,7
3223_3.png,3
3224_6.png,6
3225_5.png,5
3226_7.png,7
3227_0.png,0
3228_5.png,5
3229_1.png,1
3230_2.png,2
3231_2.png,2
3232_7.png,7
3233_0.png,0
3234_0.png,0
3235_1.png,1
3236_4.png,4
3237_4.png,4
3238_5.png,5
3239_5.png,5
3240_6.png,6
3241_3.png,3
3242_6.png,6
3243_2.png,2
3244_3.png,3
3245_2.png,2
3246_3.png,3
3247_2.png,2
3248_4.png,4
3249_5.png,5
3250_2.png,2
3251_1.png,1
3252_6.png,6
3253_6.png,6
3254_4.png,4
3255_7.png,7
3256_6.png,6
3257_3.png,3
3258_8.png,8
3259_1.png,1
3260_4.png,4
3261_6.png,6
3262_4.png,4
3263_4.png,4
3264_5.png,5
3265_6.png,6
3266_0.png,0
3267_5.png,5
3268_2.png,2
3269_5.png,5
3270_2.png,2
3271_5.png,5
3272_2.png,2
3273_5.png,5
3274_0.png,0
3275_6.png,6
3276_7.png,7
3277_8.png,8
3278_2.png,2
3279_1.png,1
3280_4.png,4
3281_3.png,3
3282_4.png,4
3283_5.png,5
3284_5.png,5
3285_6.png,6
3286_8.png,8
3287_6.png,6
3288_0.png,0
3289_8.png,8
3290_0.png,0
3291_7.png,7
3292_7.png,7
3293_6.png,6
3294_6.png,6
3295_7.png,7
3296_5.png,5
3297_8.png,8
3298_5.png,5
3299_6.png,6
3300_4.png,4
3301_8.png,8
3302_2.png,2
3303_0.png,0
3304_1.png,1
3305_8.png,8
3306_7.png,7
3307_4.png,4
3308_0.png,0
3309_2.png,2
3310_1.png,1
3311_1.png,1
3312_0.png,0
3313_8.png,8
3314_4.png,4
3315_7.png,7
3316_3.png,3
3317_1.png,1
3318_4.png,4
3319_5.png,5
3320_1.png,1
3321_0.png,0
3322_8.png,8
3323_8.png,8
3324_8.png,8
3325_2.png,2
3326_1.png,1
3327_6.png,6
3328_7.png,7
3329_2.png,2
3330_1.png,1
3331_2.png,2
3332_2.png,2
3333_5.png,5
3334_0.png,0
3335_0.png,0
3336_1.png,1
3337_7.png,7
3338_0.png,0
3339_4.png,4
3340_7.png,7
3341_4.png,4
3342_8.png,8
3343_6.png,6
3344_4.png,4
3345_3.png,3
3346_2.png,2
3347_3.png,3
3348_1.png,1
3349_1.png,1
3350_2.png,2
3351_8.png,8
3352_2.png,2
3353_6.png,6
3354_4.png,4
3355_4.png,4
3356_1.png,1
3357_5.png,5
3358_2.png,2
3359_6.png,6
3360_2.png,2
3361_7.png,7
3362_1.png,1
3363_8.png,8
3364_3.png,3
3365_7.png,7
3366_5.png,5
3367_4.png,4
3368_2.png,2
3369_4.png,4
3370_5.png,5
3371_7.png,7
3372_7.png,7
3373_2.png,2
3374_6.png,6
3375_2.png,2
3376_2.png,2
3377_4.png,4
3378_4.png,4
3379_7.png,7
3380_1.png,1
3381_6.png,6
3382_0.png,0
3383_2.png,2
3384_3.png,3
3385_2.png,2
3386_2.png,2
3387_4.png,4
3388_3.png,3
3389_5.png,5
3390_2.png,2
3391_1.png,1
3392_6.png,6
3393_5.png,5
3394_7.png,7
3395_6.png,6
3396_5.png,5
3397_5.png,5
3398_0.png,0
3399_5.png,5
3400_7.png,7
3401_1.png,1
3402_6.png,6
3403_6.png,6
3404_4.png,4
3405_1.png,1
3406_4.png,4
3407_4.png,4
3408_1.png,1
3409_5.png,5
3410_0.png,0
3411_4.png,4
3412_5.png,5
3413_8.png,8
3414_4.png,4
3415_3.png,3
3416_0.png,0
3417_5.png,5
3418_5.png,5
3419_1.png,1
3420_6.png,6
3421_7.png,7
3422_0.png,0
3423_1.png,1
3424_5.png,5
3425_7.png,7
3426_6.png,6
3427_5.png,5
3428_5.png,5
3429_6.png,6
3430_0.png,0
3431_1.png,1
3432_7.png,7
3433_1.png,1
3434_2.png,2
3435_4.png,4
3436_1.png,1
3437_7.png,7
3438_8.png,8
3439_2.png,2
3440_0.png,0
3441_6.png,6
3442_6.png,6
3443_0.png,0
3444_6.png,6
3445_5.png,5
3446_8.png,8
3447_2.png,2
3448_7.png,7
3449_4.png,4
3450_0.png,0
3451_2.png,2
3452_7.png,7
3453_8.png,8
3454_8.png,8
3455_7.png,7
3456_0.png,0
3457_4.png,4
3458_1.png,1
3459_4.png,4
3460_4.png,4
3461_3.png,3
3462_5.png,5
3463_4.png,4
3464_6.png,6
3465_2.png,2
3466_3.png,3
3467_1.png,1
3468_3.png,3
3469_3.png,3
3470_3.png,3
3471_3.png,3
3472_1.png,1
3473_2.png,2
3474_7.png,7
3475_3.png,3
3476_8.png,8
3477_7.png,7
3478_3.png,3
3479_1.png,1
3480_7.png,7
3481_7.png,7
3482_3.png,3
3483_2.png,2
3484_2.png,2
3485_8.png,8
3486_5.png,5
3487_2.png,2
3488_1.png,1
3489_7.png,7
3490_4.png,4
3491_4.png,4
3492_0.png,0
3493_5.png,5
3494_7.png,7
3495_1.png,1
3496_5.png,5
3497_4.png,4
3498_0.png,0
3499_4.png,4
3500_8.png,8
3501_7.png,7
3502_4.png,4
3503_2.png,2
3504_3.png,3
3505_4.png,4
3506_0.png,0
3507_4.png,4
3508_1.png,1
3509_8.png,8
3510_2.png,2
3511_5.png,5
3512_4.png,4
3513_5.png,5
3514_2.png,2
3515_5.png,5
3516_3.png,3
3517_7.png,7
3518_1.png,1
3519_4.png,4
3520_1.png,1
3521_3.png,3
3522_1.png,1
3523_4.png,4
3524_5.png,5
3525_5.png,5
3526_1.png,1
3527_7.png,7
3528_1.png,1
3529_3.png,3
3530_0.png,0
3531_2.png,2
3532_5.png,5
3533_7.png,7
3534_0.png,0
3535_6.png,6
3536_3.png,3
3537_5.png,5
3538_7.png,7
3539_5.png,5
3540_5.png,5
3541_8.png,8
3542_4.png,4
3543_6.png,6
3544_3.png,3
3545_6.png,6
3546_6.png,6
3547_8.png,8
3548_2.png,2
3549_6.png,6
3550_4.png,4
3551_4.png,4
3552_1.png,1
3553_3.png,3
3554_1.png,1
3555_2.png,2
3556_3.png,3
3557_3.png,3
3558_1.png,1
3559_6.png,6
3560_4.png,4
3561_2.png,2
3562_8.png,8
3563_2.png,2
3564_4.png,4
3565_3.png,3
3566_1.png,1
3567_4.png,4
3568_4.png,4
3569_4.png,4
3570_4.png,4
3571_1.png,1
3572_5.png,5
3573_5.png,5
3574_7.png,7
3575_5.png,5
3576_4.png,4
3577_5.png,5
3578_6.png,6
3579_5.png,5
3580_6.png,6
3581_2.png,2
3582_4.png,4
3583_7.png,7
3584_7.png,7
3585_4.png,4
3586_6.png,6
3587_5.png,5
3588_0.png,0
3589_2.png,2
3590_3.png,3
3591_2.png,2
3592_3.png,3
3593_8.png,8
3594_7.png,7
3595_0.png,0
3596_6.png,6
3597_8.png,8
3598_1.png,1
3599_2.png,2
3600_8.png,8
3601_1.png,1
3602_5.png,5
3603_4.png,4
3604_2.png,2
3605_3.png,3
3606_5.png,5
3607_5.png,5
3608_3.png,3
3609_6.png,6
3610_5.png,5
3611_3.png,3
3612_2.png,2
3613_1.png,1
3614_3.png,3
3615_3.png,3
3616_7.png,7
3617_4.png,4
3618_4.png,4
3619_3.png,3
3620_5.png,5
3621_1.png,1
3622_7.png,7
3623_6.png,6
3624_6.png,6
3625_4.png,4
3626_8.png,8
3627_5.png,5
3628_1.png,1
3629_2.png,2
3630_8.png,8
3631_4.png,4
3632_5.png,5
3633_3.png,3
3634_3.png,3
3635_3.png,3
3636_0.png,0
3637_4.png,4
3638_8.png,8
3639_7.png,7
3640_7.png,7
3641_4.png,4
3642_8.png,8
3643_4.png,4
3644_1.png,1
3645_8.png,8
3646_1.png,1
3647_3.png,3
3648_8.png,8
3649_0.png,0
3650_3.png,3
3651_5.png,5
3652_4.png,4
3653_6.png,6
3654_2.png,2
3655_7.png,7
3656_2.png,2
3657_0.png,0
3658_5.png,5
3659_2.png,2
3660_5.png,5
3661_5.png,5
3662_7.png,7
3663_2.png,2
3664_2.png,2
3665_5.png,5
3666_8.png,8
3667_2.png,2
3668_6.png,6
3669_6.png,6
3670_6.png,6
3671_1.png,1
3672_1.png,1
3673_5.png,5
3674_3.png,3
3675_5.png,5
3676_0.png,0
3677_7.png,7
3678_6.png,6
3679_1.png,1
3680_4.png,4
3681_4.png,4
3682_1.png,1
3683_1.png,1
3684_8.png,8
3685_1.png,1
3686_1.png,1
3687_2.png,2
3688_3.png,3
3689_4.png,4
3690_5.png,5
3691_7.png,7
3692_3.png,3
3693_6.png,6
3694_6.png,6
3695_8.png,8
3696_6.png,6
3697_7.png,7
3698_4.png,4
3699_2.png,2
3700_3.png,3
3701_8.png,8
3702_0.png,0
3703_7.png,7
3704_8.png,8
3705_1.png,1
3706_2.png,2
3707_2.png,2
3708_2.png,2
3709_6.png,6
3710_5.png,5
3711_5.png,5
3712_2.png,2
3713_4.png,4
3714_1.png,1
3715_0.png,0
3716_6.png,6
3717_1.png,1
3718_8.png,8
3719_4.png,4
3720_5.png,5
3721_5.png,5
3722_0.png,0
3723_6.png,6
3724_3.png,3
3725_6.png,6
3726_4.png,4
3727_7.png,7
3728_1.png,1
3729_2.png,2
3730_5.png,5
3731_2.png,2
3732_8.png,8
3733_2.png,2
3734_2.png,2
3735_1.png,1
3736_7.png,7
3737_7.png,7
3738_3.png,3
3739_1.png,1
3740_1.png,1
3741_1.png,1
3742_3.png,3
3743_1.png,1
3744_3.png,3
3745_8.png,8
3746_5.png,5
3747_1.png,1
3748_1.png,1
3749_6.png,6
3750_2.png,2
3751_2.png,2
3752_6.png,6
3753_2.png,2
3754_6.png,6
3755_6.png,6
3756_0.png,0
3757_1.png,1
3758_3.png,3
3759_3.png,3
3760_8.png,8
3761_8.png,8
3762_8.png,8
3763_2.png,2
3764_1.png,1
3765_6.png,6
3766_5.png,5
3767_0.png,0
3768_7.png,7
3769_7.png,7
3770_7.png,7
3771_4.png,4
3772_5.png,5
3773_2.png,2
3774_3.png,3
3775_5.png,5
3776_5.png,5
3777_1.png,1
3778_2.png,2
3779_7.png,7
3780_1.png,1
3781_3.png,3
3782_4.png,4
3783_1.png,1
3784_0.png,0
3785_7.png,7
3786_1.png,1
3787_8.png,8
3788_1.png,1
3789_7.png,7
3790_8.png,8
3791_3.png,3
3792_0.png,0
3793_2.png,2
3794_6.png,6
3795_0.png,0
3796_2.png,2
3797_4.png,4
3798_4.png,4
3799_8.png,8
3800_1.png,1
3801_2.png,2
3802_7.png,7
3803_2.png,2
3804_7.png,7
3805_5.png,5
3806_2.png,2
3807_2.png,2
3808_2.png,2
3809_6.png,6
3810_5.png,5
3811_7.png,7
3812_5.png,5
3813_6.png,6
3814_5.png,5
3815_1.png,1
3816_8.png,8
3817_2.png,2
3818_6.png,6
3819_6.png,6
3820_8.png,8
3821_0.png,0
3822_6.png,6
3823_8.png,8
3824_6.png,6
3825_6.png,6
3826_0.png,0
3827_7.png,7
3828_5.png,5
3829_6.png,6
3830_4.png,4
3831_7.png,7
3832_1.png,1
3833_7.png,7
3834_2.png,2
3835_3.png,3
3836_6.png,6
3837_5.png,5
3838_5.png,5
3839_3.png,3
3840_5.png,5
3841_3.png,3
3842_0.png,0
3843_2.png,2
3844_5.png,5
3845_2.png,2
3846_7.png,7
3847_3.png,3
3848_4.png,4
3849_4.png,4
3850_6.png,6
3851_1.png,1
3852_4.png,4
3853_1.png,1
3854_7.png,7
3855_1.png,1
3856_4.png,4
3857_3.png,3
3858_2.png,2
3859_4.png,4
3860_3.png,3
3861_4.png,4
3862_7.png,7
3863_2.png,2
3864_3.png,3
3865_1.png,1
3866_3.png,3
3867_7.png,7
3868_0.png,0
3869_7.png,7
3870_5.png,5
3871_6.png,6
3872_7.png,7
3873_1.png,1
3874_2.png,2
3875_7.png,7
3876_4.png,4
3877_6.png,6
3878_4.png,4
3879_8.png,8
3880_2.png,2
3881_3.png,3
3882_4.png,4
3883_2.png,2
3884_5.png,5
3885_6.png,6
3886_0.png,0
3887_5.png,5
3888_3.png,3
3889_5.png,5
3890_3.png,3
3891_4.png,4
3892_5.png,5
3893_6.png,6
3894_3.png,3
3895_8.png,8
3896_6.png,6
3897_5.png,5
3898_5.png,5
3899_3.png,3
3900_5.png,5
3901_0.png,0
3902_4.png,4
3903_2.png,2
3904_5.png,5
3905_3.png,3
3906_6.png,6
3907_0.png,0
3908_2.png,2
3909_7.png,7
3910_0.png,0
3911_0.png,0
3912_6.png,6
3913_1.png,1
3914_5.png,5
3915_2.png,2
3916_2.png,2
3917_7.png,7
3918_3.png,3
3919_5.png,5
3920_2.png,2
3921_2.png,2
3922_8.png,8
3923_5.png,5
3924_0.png,0
3925_7.png,7
3926_0.png,0
3927_1.png,1
3928_6.png,6
3929_2.png,2
3930_7.png,7
3931_4.png,4
3932_2.png,2
3933_0.png,0
3934_0.png,0
3935_5.png,5
3936_3.png,3
3937_2.png,2
3938_6.png,6
3939_4.png,4
3940_2.png,2
3941_7.png,7
3942_0.png,0
3943_1.png,1
3944_0.png,0
3945_1.png,1
3946_3.png,3
3947_6.png,6
3948_4.png,4
3949_8.png,8
3950_0.png,0
3951_6.png,6
3952_0.png,0
3953_1.png,1
3954_6.png,6
3955_2.png,2
3956_0.png,0
3957_1.png,1
3958_3.png,3
3959_7.png,7
3960_3.png,3
3961_7.png,7
3962_5.png,5
3963_7.png,7
3964_1.png,1
3965_6.png,6
3966_6.png,6
3967_1.png,1
3968_4.png,4
3969_4.png,4
3970_2.png,2
3971_1.png,1
3972_7.png,7
3973_1.png,1
3974_2.png,2
3975_1.png,1
3976_1.png,1
3977_3.png,3
3978_2.png,2
3979_6.png,6
3980_1.png,1
3981_3.png,3
3982_2.png,2
3983_8.png,8
3984_7.png,7
3985_3.png,3
3986_4.png,4
3987_6.png,6
3988_4.png,4
3989_6.png,6
3990_4.png,4
3991_8.png,8
3992_3.png,3
3993_0.png,0
3994_5.png,5
3995_7.png,7
3996_2.png,2
3997_2.png,2
3998_3.png,3
3999_7.png,7
4000_1.png,1
4001_1.png,1
4002_2.png,2
4003_2.png,2
4004_2.png,2
4005_1.png,1
4006_2.png,2
4007_6.png,6
4008_1.png,1
4009_2.png,2
4010_1.png,1
4011_8.png,8
4012_2.png,2
4013_1.png,1
4014_4.png,4
4015_4.png,4
4016_5.png,5
4017_5.png,5
4018_0.png,0
4019_3.png,3
4020_7.png,7
4021_1.png,1
4022_7.png,7
4023_7.png,7
4024_6.png,6
4025_3.png,3
4026_5.png,5
4027_5.png,5
4028_1.png,1
4029_6.png,6
4030_2.png,2
4031_7.png,7
4032_4.png,4
4033_3.png,3
4034_3.png,3
4035_5.png,5
4036_1.png,1
4037_0.png,0
4038_6.png,6
4039_0.png,0
4040_6.png,6
4041_2.png,2
4042_0.png,0
4043_7.png,7
4044_1.png,1
4045_2.png,2
4046_6.png,6
4047_4.png,4
4048_0.png,0
4049_0.png,0
4050_2.png,2
4051_8.png,8
4052_3.png,3
4053_2.png,2
4054_0.png,0
4055_6.png,6
4056_2.png,2
4057_5.png,5
4058_0.png,0
4059_4.png,4
4060_2.png,2
4061_0.png,0
4062_1.png,1
4063_2.png,2
4064_8.png,8
4065_5.png,5
4066_8.png,8
4067_1.png,1
4068_4.png,4
4069_0.png,0
4070_7.png,7
4071_7.png,7
4072_4.png,4
4073_4.png,4
4074_2.png,2
4075_7.png,7
4076_7.png,7
4077_2.png,2
4078_1.png,1
4079_6.png,6
4080_7.png,7
4081_7.png,7
4082_5.png,5
4083_5.png,5
4084_4.png,4
4085_1.png,1
4086_7.png,7
4087_4.png,4
4088_2.png,2
4089_6.png,6
4090_8.png,8
4091_6.png,6
4092_7.png,7
4093_3.png,3
4094_8.png,8
4095_1.png,1
4096_1.png,1
4097_5.png,5
4098_3.png,3
4099_7.png,7
4100_5.png,5
4101_6.png,6
4102_8.png,8
4103_8.png,8
4104_4.png,4
4105_1.png,1
4106_1.png,1
4107_6.png,6
4108_5.png,5
4109_0.png,0
4110_6.png,6
4111_1.png,1
4112_2.png,2
4113_6.png,6
4114_6.png,6
4115_3.png,3
4116_5.png,5
4117_6.png,6
4118_5.png,5
4119_5.png,5
4120_3.png,3
4121_3.png,3
4122_6.png,6
4123_8.png,8
4124_4.png,4
4125_4.png,4
4126_8.png,8
4127_3.png,3
4128_6.png,6
4129_0.png,0
4130_8.png,8
4131_5.png,5
4132_7.png,7
4133_8.png,8
4134_4.png,4
4135_6.png,6
4136_5.png,5
4137_3.png,3
4138_1.png,1
4139_0.png,0
4140_4.png,4
4141_4.png,4
4142_3.png,3
4143_3.png,3
4144_5.png,5
4145_3.png,3
4146_3.png,3
4147_2.png,2
4148_7.png,7
4149_7.png,7
4150_8.png,8
4151_2.png,2
4152_0.png,0
4153_5.png,5
4154_5.png,5
4155_6.png,6
4156_1.png,1
4157_1.png,1
4158_3.png,3
4159_3.png,3
4160_6.png,6
4161_7.png,7
4162_1.png,1
4163_3.png,3
4164_8.png,8
4165_7.png,7
4166_8.png,8
4167_8.png,8
4168_0.png,0
4169_3.png,3
4170_2.png,2
4171_4.png,4
4172_8.png,8
4173_7.png,7
4174_7.png,7
4175_1.png,1
4176_7.png,7
4177_3.png,3
4178_5.png,5
4179_4.png,4
4180_4.png,4
4181_3.png,3
4182_8.png,8
4183_6.png,6
4184_1.png,1
4185_1.png,1
4186_6.png,6
4187_3.png,3
4188_2.png,2
4189_2.png,2
4190_8.png,8
4191_8.png,8
4192_3.png,3
4193_3.png,3
4194_8.png,8
4195_1.png,1
4196_1.png,1
4197_5.png,5
4198_2.png,2
4199_0.png,0
4200_5.png,5
4201_0.png,0
4202_8.png,8
4203_6.png,6
4204_6.png,6
4205_6.png,6
4206_4.png,4
4207_8.png,8
4208_3.png,3
4209_4.png,4
4210_3.png,3
4211_1.png,1
4212_1.png,1
4213_2.png,2
4214_5.png,5
4215_5.png,5
4216_8.png,8
4217_6.png,6
4218_0.png,0
4219_5.png,5
4220_1.png,1
4221_3.png,3
4222_5.png,5
4223_3.png,3
4224_8.png,8
4225_1.png,1
4226_4.png,4
4227_6.png,6
4228_4.png,4
4229_2.png,2
4230_4.png,4
4231_3.png,3
4232_8.png,8
4233_6.png,6
4234_6.png,6
4235_6.png,6
4236_5.png,5
4237_5.png,5
4238_2.png,2
4239_7.png,7
4240_4.png,4
4241_4.png,4
4242_3.png,3
4243_3.png,3
4244_7.png,7
4245_7.png,7
4246_8.png,8
4247_5.png,5
4248_3.png,3
4249_1.png,1
4250_6.png,6
4251_7.png,7
4252_3.png,3
4253_3.png,3
4254_8.png,8
4255_5.png,5
4256_6.png,6
4257_1.png,1
4258_3.png,3
4259_7.png,7
4260_6.png,6
4261_1.png,1
4262_6.png,6
4263_4.png,4
4264_0.png,0
4265_5.png,5
4266_7.png,7
4267_4.png,4
4268_1.png,1
4269_0.png,0
4270_0.png,0
4271_2.png,2
4272_7.png,7
4273_8.png,8
4274_3.png,3
4275_2.png,2
4276_7.png,7
4277_6.png,6
4278_1.png,1
4279_6.png,6
4280_6.png,6
4281_4.png,4
4282_4.png,4
4283_2.png,2
4284_1.png,1
4285_8.png,8
4286_4.png,4
4287_4.png,4
4288_7.png,7
4289_8.png,8
4290_5.png,5
4291_8.png,8
4292_4.png,4
4293_3.png,3
4294_2.png,2
4295_2.png,2
4296_3.png,3
4297_0.png,0
4298_1.png,1
4299_1.png,1
4300_1.png,1
4301_1.png,1
4302_6.png,6
4303_8.png,8
4304_7.png,7
4305_1.png,1
4306_3.png,3
4307_0.png,0
4308_4.png,4
4309_5.png,5
4310_0.png,0
4311_3.png,3
4312_0.png,0
4313_6.png,6
4314_2.png,2
4315_0.png,0
4316_8.png,8
4317_6.png,6
4318_8.png,8
4319_5.png,5
4320_8.png,8
4321_2.png,2
4322_6.png,6
4323_0.png,0
4324_6.png,6
4325_1.png,1
4326_8.png,8
4327_7.png,7
4328_3.png,3
4329_2.png,2
4330_2.png,2
4331_6.png,6
4332_5.png,5
4333_6.png,6
4334_2.png,2
4335_5.png,5
4336_4.png,4
4337_8.png,8
4338_5.png,5
4339_3.png,3
4340_3.png,3
4341_5.png,5
4342_7.png,7
4343_1.png,1
4344_8.png,8
4345_8.png,8
4346_6.png,6
4347_2.png,2
4348_1.png,1
4349_3.png,3
4350_0.png,0
4351_4.png,4
4352_1.png,1
4353_5.png,5
4354_2.png,2
4355_1.png,1
4356_4.png,4
4357_2.png,2
4358_5.png,5
4359_8.png,8
4360_7.png,7
4361_2.png,2
4362_1.png,1
4363_6.png,6
4364_7.png,7
4365_3.png,3
4366_6.png,6
4367_5.png,5
4368_8.png,8
4369_0.png,0
4370_2.png,2
4371_2.png,2
4372_4.png,4
4373_5.png,5
4374_5.png,5
4375_4.png,4
4376_2.png,2
4377_3.png,3
4378_1.png,1
4379_0.png,0
4380_3.png,3
4381_0.png,0
4382_4.png,4
4383_4.png,4
4384_1.png,1
4385_3.png,3
4386_0.png,0
4387_2.png,2
4388_1.png,1
4389_1.png,1
4390_0.png,0
4391_4.png,4
4392_1.png,1
4393_4.png,4
4394_8.png,8
4395_1.png,1
4396_1.png,1
4397_1.png,1
4398_5.png,5
4399_8.png,8
4400_1.png,1
4401_6.png,6
4402_7.png,7
4403_2.png,2
4404_7.png,7
4405_8.png,8
4406_8.png,8
4407_1.png,1
4408_7.png,7
4409_8.png,8
4410_1.png,1
4411_6.png,6
4412_6.png,6
4413_3.png,3
4414_3.png,3
4415_1.png,1
4416_3.png,3
4417_0.png,0
4418_8.png,8
4419_8.png,8
4420_3.png,3
4421_6.png,6
4422_6.png,6
4423_7.png,7
4424_1.png,1
4425_0.png,0
4426_7.png,7
4427_6.png,6
4428_4.png,4
4429_8.png,8
4430_2.png,2
4431_0.png,0
4432_6.png,6
4433_6.png,6
4434_8.png,8
4435_6.png,6
4436_3.png,3
4437_1.png,1
4438_1.png,1
4439_8.png,8
4440_6.png,6
4441_7.png,7
4442_0.png,0
4443_5.png,5
4444_4.png,4
4445_3.png,3
4446_2.png,2
4447_1.png,1
4448_7.png,7
4449_8.png,8
4450_2.png,2
4451_0.png,0
4452_1.png,1
4453_7.png,7
4454_4.png,4
4455_8.png,8
4456_7.png,7
4457_6.png,6
4458_6.png,6
4459_7.png,7
4460_0.png,0
4461_4.png,4
4462_2.png,2
4463_3.png,3
4464_2.png,2
4465_1.png,1
4466_3.png,3
4467_8.png,8
4468_6.png,6
4469_8.png,8
4470_1.png,1
4471_6.png,6
4472_7.png,7
4473_6.png,6
4474_5.png,5
4475_0.png,0
4476_6.png,6
4477_0.png,0
4478_1.png,1
4479_3.png,3
4480_1.png,1
4481_1.png,1
4482_5.png,5
4483_3.png,3
4484_4.png,4
4485_3.png,3
4486_3.png,3
4487_8.png,8
4488_1.png,1
4489_6.png,6
4490_6.png,6
4491_1.png,1
4492_8.png,8
4493_8.png,8
4494_6.png,6
4495_2.png,2
4496_7.png,7
4497_4.png,4
4498_6.png,6
4499_8.png,8
4500_3.png,3
4501_3.png,3
4502_5.png,5
4503_5.png,5
4504_1.png,1
4505_4.png,4
4506_1.png,1
4507_5.png,5
4508_1.png,1
4509_7.png,7
4510_7.png,7
4511_7.png,7
4512_5.png,5
4513_2.png,2
4514_3.png,3
4515_3.png,3
4516_6.png,6
4517_6.png,6
4518_6.png,6
4519_4.png,4
4520_0.png,0
4521_7.png,7
4522_1.png,1
4523_7.png,7
4524_3.png,3
4525_0.png,0
4526_8.png,8
4527_1.png,1
4528_2.png,2
4529_4.png,4
4530_1.png,1
4531_2.png,2
4532_2.png,2
4533_4.png,4
4534_8.png,8
4535_2.png,2
4536_8.png,8
4537_7.png,7
4538_6.png,6
4539_3.png,3
4540_4.png,4
4541_7.png,7
4542_2.png,2
4543_3.png,3
4544_1.png,1
4545_5.png,5
4546_3.png,3
4547_0.png,0
4548_4.png,4
4549_3.png,3
4550_4.png,4
4551_4.png,4
4552_7.png,7
4553_1.png,1
4554_7.png,7
4555_8.png,8
4556_3.png,3
4557_1.png,1
4558_8.png,8
4559_3.png,3
4560_2.png,2
4561_5.png,5
4562_7.png,7
4563_2.png,2
4564_7.png,7
4565_6.png,6
4566_8.png,8
4567_6.png,6
4568_8.png,8
4569_6.png,6
4570_5.png,5
4571_0.png,0
4572_4.png,4
4573_8.png,8
4574_5.png,5
4575_6.png,6
4576_4.png,4
4577_3.png,3
4578_8.png,8
4579_0.png,0
4580_4.png,4
4581_8.png,8
4582_6.png,6
4583_7.png,7
4584_2.png,2
4585_7.png,7
4586_1.png,1
4587_7.png,7
4588_4.png,4
4589_1.png,1
4590_2.png,2
4591_4.png,4
4592_2.png,2
4593_2.png,2
4594_8.png,8
4595_7.png,7
4596_2.png,2
4597_2.png,2
4598_6.png,6
4599_7.png,7
4600_6.png,6
4601_8.png,8
4602_6.png,6
4603_5.png,5
4604_2.png,2
4605_8.png,8
4606_7.png,7
4607_2.png,2
4608_3.png,3
4609_7.png,7
4610_4.png,4
4611_3.png,3
4612_2.png,2
4613_1.png,1
4614_1.png,1
4615_5.png,5
4616_3.png,3
4617_2.png,2
4618_6.png,6
4619_1.png,1
4620_5.png,5
4621_4.png,4
4622_3.png,3
4623_6.png,6
4624_2.png,2
4625_8.png,8
4626_7.png,7
4627_8.png,8
4628_0.png,0
4629_8.png,8
4630_1.png,1
4631_2.png,2
4632_5.png,5
4633_7.png,7
4634_2.png,2
4635_0.png,0
4636_6.png,6
4637_6.png,6
4638_1.png,1
4639_6.png,6
4640_3.png,3
4641_0.png,0
4642_3.png,3
4643_4.png,4
4644_6.png,6
4645_5.png,5
4646_6.png,6
4647_4.png,4
4648_8.png,8
4649_4.png,4
4650_5.png,5
4651_5.png,5
4652_0.png,0
4653_6.png,6
4654_6.png,6
4655_7.png,7
4656_6.png,6
4657_1.png,1
4658_0.png,0
4659_4.png,4
4660_6.png,6
4661_3.png,3
4662_6.png,6
4663_6.png,6
4664_8.png,8
4665_2.png,2
4666_1.png,1
4667_0.png,0
4668_1.png,1
4669_3.png,3
4670_7.png,7
4671_4.png,4
4672_0.png,0
4673_2.png,2
4674_7.png,7
4675_6.png,6
4676_4.png,4
4677_0.png,0
4678_8.png,8
4679_0.png,0
4680_6.png,6
4681_6.png,6
4682_6.png,6
4683_8.png,8
4684_7.png,7
4685_4.png,4
4686_1.png,1
4687_8.png,8
4688_1.png,1
4689_2.png,2
4690_2.png,2
4691_4.png,4
4692_8.png,8
4693_5.png,5
4694_2.png,2
4695_6.png,6
4696_5.png,5
4697_3.png,3
4698_1.png,1
4699_0.png,0
4700_7.png,7
4701_2.png,2
4702_4.png,4
4703_4.png,4
4704_0.png,0
4705_0.png,0
4706_6.png,6
4707_2.png,2
4708_2.png,2
4709_4.png,4
4710_0.png,0
4711_5.png,5
4712_7.png,7
4713_1.png,1
4714_8.png,8
4715_4.png,4
4716_5.png,5
4717_8.png,8
4718_5.png,5
4719_7.png,7
4720_8.png,8
4721_8.png,8
4722_1.png,1
4723_6.png,6
4724_3.png,3
4725_8.png,8
4726_0.png,0
4727_3.png,3
4728_4.png,4
4729_4.png,4
4730_8.png,8
4731_4.png,4
4732_8.png,8
4733_8.png,8
4734_6.png,6
4735_0.png,0
4736_0.png,0
4737_8.png,8
4738_2.png,2
4739_7.png,7
4740_4.png,4
4741_2.png,2
4742_5.png,5
4743_6.png,6
4744_0.png,0
4745_8.png,8
4746_4.png,4
4747_1.png,1
4748_0.png,0
4749_1.png,1
4750_4.png,4
4751_4.png,4
4752_8.png,8
4753_4.png,4
4754_6.png,6
4755_0.png,0
4756_7.png,7
4757_7.png,7
4758_6.png,6
4759_8.png,8
4760_6.png,6
4761_2.png,2
4762_0.png,0
4763_4.png,4
4764_3.png,3
4765_6.png,6
4766_7.png,7
4767_0.png,0
4768_7.png,7
4769_1.png,1
4770_8.png,8
4771_6.png,6
4772_0.png,0
4773_6.png,6
4774_4.png,4
4775_1.png,1
4776_4.png,4
4777_6.png,6
4778_7.png,7
4779_8.png,8
4780_3.png,3
4781_2.png,2
4782_1.png,1
4783_2.png,2
4784_7.png,7
4785_6.png,6
4786_1.png,1
4787_0.png,0
4788_0.png,0
4789_5.png,5
4790_6.png,6
4791_0.png,0
4792_4.png,4
4793_3.png,3
4794_2.png,2
4795_8.png,8
4796_8.png,8
4797_0.png,0
4798_6.png,6
4799_5.png,5
4800_2.png,2
4801_8.png,8
4802_0.png,0
4803_6.png,6
4804_5.png,5
4805_2.png,2
4806_6.png,6
4807_6.png,6
4808_2.png,2
4809_2.png,2
4810_4.png,4
4811_1.png,1
4812_0.png,0
4813_5.png,5
4814_8.png,8
4815_5.png,5
4816_3.png,3
4817_6.png,6
4818_5.png,5
4819_2.png,2
4820_0.png,0
4821_2.png,2
4822_2.png,2
4823_0.png,0
4824_0.png,0
4825_5.png,5
4826_5.png,5
4827_4.png,4
4828_2.png,2
4829_2.png,2
4830_2.png,2
4831_4.png,4
4832_4.png,4
4833_2.png,2
4834_2.png,2
4835_1.png,1
4836_6.png,6
4837_5.png,5
4838_8.png,8
4839_0.png,0
4840_5.png,5
4841_6.png,6
4842_4.png,4
4843_5.png,5
4844_2.png,2
4845_7.png,7
4846_7.png,7
4847_1.png,1
4848_0.png,0
4849_1.png,1
4850_6.png,6
4851_2.png,2
4852_7.png,7
4853_4.png,4
4854_4.png,4
4855_6.png,6
4856_2.png,2
4857_4.png,4
4858_1.png,1
4859_7.png,7
4860_2.png,2
4861_5.png,5
4862_3.png,3
4863_2.png,2
4864_3.png,3
4865_2.png,2
4866_7.png,7
4867_6.png,6
4868_3.png,3
4869_2.png,2
4870_0.png,0
4871_5.png,5
4872_7.png,7
4873_7.png,7
4874_4.png,4
4875_8.png,8
4876_6.png,6
4877_2.png,2
4878_3.png,3
4879_1.png,1
4880_0.png,0
4881_1.png,1
4882_8.png,8
4883_4.png,4
4884_4.png,4
4885_4.png,4
4886_3.png,3
4887_3.png,3
4888_2.png,2
4889_0.png,0
4890_1.png,1
4891_1.png,1
4892_8.png,8
4893_4.png,4
4894_4.png,4
4895_8.png,8
4896_3.png,3
4897_2.png,2
4898_5.png,5
4899_6.png,6
4900_2.png,2
4901_5.png,5
4902_4.png,4
4903_7.png,7
4904_3.png,3
4905_3.png,3
4906_0.png,0
4907_1.png,1
4908_5.png,5
4909_3.png,3
4910_7.png,7
4911_6.png,6
4912_4.png,4
4913_2.png,2
4914_2.png,2
4915_5.png,5
4916_6.png,6
4917_3.png,3
4918_8.png,8
4919_5.png,5
4920_6.png,6
4921_1.png,1
4922_4.png,4
4923_5.png,5
4924_4.png,4
4925_6.png,6
4926_7.png,7
4927_2.png,2
4928_1.png,1
4929_0.png,0
4930_2.png,2
4931_0.png,0
4932_4.png,4
4933_8.png,8
4934_8.png,8
4935_1.png,1
4936_1.png,1
4937_5.png,5
4938_0.png,0
4939_8.png,8
4940_7.png,7
4941_1.png,1
4942_7.png,7
4943_4.png,4
4944_5.png,5
4945_4.png,4
4946_3.png,3
4947_3.png,3
4948_2.png,2
4949_0.png,0
4950_6.png,6
4951_6.png,6
4952_1.png,1
4953_3.png,3
4954_8.png,8
4955_3.png,3
4956_7.png,7
4957_8.png,8
4958_4.png,4
4959_8.png,8
4960_0.png,0
4961_7.png,7
4962_1.png,1
4963_6.png,6
4964_2.png,2
4965_5.png,5
4966_6.png,6
4967_3.png,3
4968_7.png,7
4969_7.png,7
4970_1.png,1
4971_6.png,6
4972_5.png,5
4973_3.png,3
4974_1.png,1
4975_3.png,3
4976_1.png,1
4977_2.png,2
4978_1.png,1
4979_8.png,8
4980_2.png,2
4981_0.png,0
4982_7.png,7
4983_8.png,8
4984_6.png,6
4985_7.png,7
4986_3.png,3
4987_7.png,7
4988_1.png,1
4989_3.png,3
4990_3.png,3
4991_6.png,6
4992_7.png,7
4993_2.png,2
4994_7.png,7
4995_3.png,3
4996_5.png,5
4997_7.png,7
4998_5.png,5
4999_0.png,0
5000_6.png,6
5001_5.png,5
5002_1.png,1
5003_8.png,8
5004_2.png,2
5005_7.png,7
5006_5.png,5
5007_0.png,0
5008_8.png,8
5009_8.png,8
5010_7.png,7
5011_3.png,3
5012_7.png,7
5013_3.png,3
5014_7.png,7
5015_7.png,7
5016_7.png,7
5017_8.png,8
5018_5.png,5
5019_4.png,4
5020_8.png,8
5021_7.png,7
5022_6.png,6
5023_3.png,3
5024_2.png,2
5025_1.png,1
5026_5.png,5
5027_7.png,7
5028_3.png,3
5029_5.png,5
5030_8.png,8
5031_7.png,7
5032_3.png,3
5033_3.png,3
5034_5.png,5
5035_7.png,7
5036_6.png,6
5037_3.png,3
5038_6.png,6
5039_4.png,4
5040_3.png,3
5041_4.png,4
5042_2.png,2
5043_1.png,1
5044_6.png,6
5045_0.png,0
5046_2.png,2
5047_6.png,6
5048_7.png,7
5049_4.png,4
5050_7.png,7
5051_0.png,0
5052_7.png,7
5053_4.png,4
5054_3.png,3
5055_5.png,5
5056_3.png,3
5057_1.png,1
5058_1.png,1
5059_2.png,2
5060_6.png,6
5061_8.png,8
5062_2.png,2
5063_1.png,1
5064_7.png,7
5065_8.png,8
5066_5.png,5
5067_6.png,6
5068_1.png,1
5069_1.png,1
5070_5.png,5
5071_6.png,6
5072_0.png,0
5073_2.png,2
5074_6.png,6
5075_5.png,5
5076_8.png,8
5077_5.png,5
5078_6.png,6
5079_2.png,2
5080_1.png,1
5081_8.png,8
5082_7.png,7
5083_1.png,1
5084_7.png,7
5085_4.png,4
5086_7.png,7
5087_5.png,5
5088_2.png,2
5089_4.png,4
5090_7.png,7
5091_1.png,1
5092_3.png,3
5093_8.png,8
5094_7.png,7
5095_0.png,0
5096_4.png,4
5097_5.png,5
5098_7.png,7
5099_5.png,5
5100_2.png,2
5101_7.png,7
5102_6.png,6
5103_6.png,6
5104_3.png,3
5105_5.png,5
5106_6.png,6
5107_6.png,6
5108_5.png,5
5109_7.png,7
5110_5.png,5
5111_0.png,0
5112_7.png,7
5113_4.png,4
5114_8.png,8
5115_2.png,2
5116_5.png,5
5117_1.png,1
5118_3.png,3
5119_2.png,2
5120_2.png,2
5121_6.png,6
5122_2.png,2
5123_1.png,1
5124_7.png,7
5125_4.png,4
5126_6.png,6
5127_3.png,3
5128_1.png,1
5129_3.png,3
5130_7.png,7
5131_2.png,2
5132_1.png,1
5133_3.png,3
5134_7.png,7
5135_0.png,0
5136_8.png,8
5137_4.png,4
5138_4.png,4
5139_5.png,5
5140_7.png,7
5141_5.png,5
5142_4.png,4
5143_3.png,3
5144_6.png,6
5145_2.png,2
5146_3.png,3
5147_3.png,3
5148_1.png,1
5149_6.png,6
5150_1.png,1
5151_7.png,7
5152_0.png,0
5153_3.png,3
5154_4.png,4
5155_2.png,2
5156_4.png,4
5157_5.png,5
5158_8.png,8
5159_2.png,2
5160_7.png,7
5161_6.png,6
5162_0.png,0
5163_2.png,2
5164_5.png,5
5165_7.png,7
5166_7.png,7
5167_2.png,2
5168_2.png,2
5169_0.png,0
5170_0.png,0
5171_7.png,7
5172_4.png,4
5173_1.png,1
5174_6.png,6
5175_6.png,6
5176_8.png,8
5177_8.png,8
5178_0.png,0
5179_1.png,1
5180_3.png,3
5181_3.png,3
5182_0.png,0
5183_6.png,6
5184_6.png,6
5185_3.png,3
5186_4.png,4
5187_0.png,0
5188_8.png,8
5189_4.png,4
5190_1.png,1
5191_4.png,4
5192_0.png,0
5193_6.png,6
5194_5.png,5
5195_0.png,0
5196_1.png,1
5197_2.png,2
5198_3.png,3
5199_5.png,5
5200_4.png,4
5201_2.png,2
5202_6.png,6
5203_0.png,0
5204_6.png,6
5205_6.png,6
5206_0.png,0
5207_6.png,6
5208_1.png,1
5209_4.png,4
5210_6.png,6
5211_8.png,8
5212_5.png,5
5213_4.png,4
5214_1.png,1
5215_2.png,2
5216_6.png,6
5217_4.png,4
5218_2.png,2
5219_4.png,4
5220_6.png,6
5221_5.png,5
5222_7.png,7
5223_7.png,7
5224_4.png,4
5225_6.png,6
5226_5.png,5
5227_1.png,1
5228_0.png,0
5229_3.png,3
5230_1.png,1
5231_0.png,0
5232_7.png,7
5233_6.png,6
5234_7.png,7
5235_6.png,6
5236_2.png,2
5237_4.png,4
5238_5.png,5
5239_3.png,3
5240_0.png,0
5241_3.png,3
5242_2.png,2
5243_1.png,1
5244_5.png,5
5245_3.png,3
5246_4.png,4
5247_5.png,5
5248_7.png,7
5249_1.png,1
5250_5.png,5
5251_0.png,0
5252_1.png,1
5253_1.png,1
5254_5.png,5
5255_7.png,7
5256_1.png,1
5257_0.png,0
5258_2.png,2
5259_8.png,8
5260_5.png,5
5261_6.png,6
5262_7.png,7
5263_1.png,1
5264_4.png,4
5265_4.png,4
5266_4.png,4
5267_6.png,6
5268_6.png,6
5269_5.png,5
5270_1.png,1
5271_8.png,8
5272_4.png,4
5273_6.png,6
5274_5.png,5
5275_2.png,2
5276_2.png,2
5277_1.png,1
5278_4.png,4
5279_1.png,1
5280_6.png,6
5281_7.png,7
5282_2.png,2
5283_0.png,0
5284_1.png,1
5285_7.png,7
5286_6.png,6
5287_5.png,5
5288_2.png,2
5289_2.png,2
5290_5.png,5
5291_6.png,6
5292_0.png,0
5293_0.png,0
5294_1.png,1
5295_3.png,3
5296_3.png,3
5297_5.png,5
5298_8.png,8
5299_7.png,7
5300_5.png,5
5301_6.png,6
5302_5.png,5
5303_0.png,0
5304_5.png,5
5305_6.png,6
5306_5.png,5
5307_1.png,1
5308_1.png,1
5309_0.png,0
5310_3.png,3
5311_3.png,3
5312_4.png,4
5313_8.png,8
5314_1.png,1
5315_7.png,7
5316_7.png,7
5317_4.png,4
5318_6.png,6
5319_3.png,3
5320_2.png,2
5321_8.png,8
5322_2.png,2
5323_7.png,7
5324_6.png,6
5325_7.png,7
5326_2.png,2
5327_1.png,1
5328_2.png,2
5329_4.png,4
5330_6.png,6
5331_6.png,6
5332_1.png,1
5333_0.png,0
5334_1.png,1
5335_7.png,7
5336_4.png,4
5337_7.png,7
5338_6.png,6
5339_5.png,5
5340_0.png,0
5341_7.png,7
5342_4.png,4
5343_5.png,5
5344_1.png,1
5345_4.png,4
5346_7.png,7
5347_8.png,8
5348_6.png,6
5349_3.png,3
5350_0.png,0
5351_8.png,8
5352_6.png,6
5353_2.png,2
5354_4.png,4
5355_6.png,6
5356_2.png,2
5357_7.png,7
5358_4.png,4
5359_6.png,6
5360_8.png,8
5361_5.png,5
5362_6.png,6
5363_1.png,1
5364_3.png,3
5365_5.png,5
5366_1.png,1
5367_3.png,3
5368_2.png,2
5369_3.png,3
5370_0.png,0
5371_2.png,2
5372_0.png,0
5373_7.png,7
5374_3.png,3
5375_3.png,3
5376_5.png,5
5377_7.png,7
5378_6.png,6
5379_5.png,5
5380_5.png,5
5381_6.png,6
5382_1.png,1
5383_2.png,2
5384_4.png,4
5385_2.png,2
5386_7.png,7
5387_4.png,4
5388_4.png,4
5389_5.png,5
5390_2.png,2
5391_3.png,3
5392_2.png,2
5393_3.png,3
5394_2.png,2
5395_2.png,2
5396_8.png,8
5397_6.png,6
5398_8.png,8
5399_1.png,1
5400_6.png,6
5401_8.png,8
5402_8.png,8
5403_2.png,2
5404_4.png,4
5405_1.png,1
5406_5.png,5
5407_7.png,7
5408_1.png,1
5409_1.png,1
5410_5.png,5
5411_2.png,2
5412_1.png,1
5413_1.png,1
5414_3.png,3
5415_8.png,8
5416_1.png,1
5417_3.png,3
5418_1.png,1
5419_8.png,8
5420_5.png,5
5421_1.png,1
5422_0.png,0
5423_0.png,0
5424_4.png,4
5425_0.png,0
5426_5.png,5
5427_1.png,1
5428_0.png,0
5429_4.png,4
5430_5.png,5
5431_1.png,1
5432_2.png,2
5433_2.png,2
5434_8.png,8
5435_7.png,7
5436_2.png,2
5437_4.png,4
5438_5.png,5
5439_3.png,3
5440_4.png,4
5441_0.png,0
5442_6.png,6
5443_1.png,1
5444_8.png,8
5445_0.png,0
5446_2.png,2
5447_0.png,0
5448_6.png,6
5449_0.png,0
5450_7.png,7
5451_5.png,5
5452_0.png,0
5453_4.png,4
5454_6.png,6
5455_6.png,6
5456_3.png,3
5457_6.png,6
5458_8.png,8
5459_1.png,1
5460_1.png,1
5461_8.png,8
5462_7.png,7
5463_2.png,2
5464_0.png,0
5465_2.png,2
5466_2.png,2
5467_0.png,0
5468_6.png,6
5469_5.png,5
5470_7.png,7
5471_7.png,7
5472_1.png,1
5473_7.png,7
5474_4.png,4
5475_5.png,5
5476_8.png,8
5477_2.png,2
5478_5.png,5
5479_2.png,2
5480_1.png,1
5481_4.png,4
5482_4.png,4
5483_7.png,7
5484_8.png,8
5485_3.png,3
5486_6.png,6
5487_6.png,6
5488_0.png,0
5489_1.png,1
5490_1.png,1
5491_1.png,1
5492_8.png,8
5493_1.png,1
5494_4.png,4
5495_4.png,4
5496_0.png,0
5497_7.png,7
5498_2.png,2
5499_1.png,1
5500_2.png,2
5501_5.png,5
5502_4.png,4
5503_6.png,6
5504_0.png,0
5505_5.png,5
5506_4.png,4
5507_4.png,4
5508_5.png,5
5509_8.png,8
5510_8.png,8
5511_0.png,0
5512_8.png,8
5513_7.png,7
5514_4.png,4
5515_1.png,1
5516_8.png,8
5517_4.png,4
5518_5.png,5
5519_4.png,4
5520_1.png,1
5521_7.png,7
5522_7.png,7
5523_7.png,7
5524_3.png,3
5525_8.png,8
5526_3.png,3
5527_3.png,3
5528_0.png,0
5529_5.png,5
5530_0.png,0
5531_0.png,0
5532_0.png,0
5533_2.png,2
5534_2.png,2
5535_3.png,3
5536_4.png,4
5537_8.png,8
5538_2.png,2
5539_2.png,2
5540_6.png,6
5541_6.png,6
5542_2.png,2
5543_4.png,4
5544_0.png,0
5545_1.png,1
5546_7.png,7
5547_5.png,5
5548_5.png,5
5549_7.png,7
5550_3.png,3
5551_4.png,4
5552_2.png,2
5553_0.png,0
5554_7.png,7
5555_8.png,8
5556_0.png,0
5557_8.png,8
5558_7.png,7
5559_0.png,0
5560_3.png,3
5561_5.png,5
5562_3.png,3
5563_8.png,8
5564_3.png,3
5565_5.png,5
5566_1.png,1
5567_7.png,7
